name,ingredients,recipe
두부에 꼬리가 달렸어요!! ,"순두부,대파 1/4개,양파 1/4개,애호박 1/4개,청양고추 1개,달걀 1개,참기름 1큰술,식용유 2큰술,고추가루 1.5큰술 ,소금 1/2큰술,설탕 1꼬집,굴소스 1큰술,간장 1큰술,다진 마늘 1큰술,멸치육수","['1. 제일 먼저 멸치 육수를 끓여주세요. 멸치외에 있으면 표고버섯 약간, 다시마 약간 넣고 끓이면 되는데 없으면 멸치만 넣고 그냥 끓여도 됩니다.  \u200b  그 다음은 채소를 손질해야겠죠. 대파 1/4과 양파 1/4을 잘게 썰어주시고요.', '2. 매콤한걸 좋아하시는분은 청양고추 하나 어슷하게 썰어주시고', '3. 호박 1/4은 반달 모양으로 썰어주세요.', '4. 재료손질은 벌써 끝났네요. 다음은 준비한 뚝배기나 냄비에 참기름 1큰술,  식용유 2큰술을 넣어주세요.', '5. 그리고 준비한 양파, 대파를 넣고 볶아주세요.', '6. 그리고 고추가루 1큰술 반을 넣고 고추기름을 만들어줍니다. 매운걸 못드시는 분은 한큰술만 넣으세요.', '7. 고추기름을 만들었으면 소금 반큰술, 설탕 한꼬집을 넣어주세요. 설탕은 안넣으셔도 되긴 한데 보통 식당에서는 넣죠.', '8. 그 다음엔 굴소스 1큰술, 간장 1큰술을 넣고 저어서 섞어주세요.', '9. 그 다음은 멸치육수를 부어주세요. 준비된 냄비에 반 정도를 채워주세요. 너무 많이 부으면 순두부 넣을때 넘칩니다.', '10. 자 이제 팔팔 끓여줍니다. 끓기 시작하면 호박과 고추를 넣고, 다진마늘도 한큰술 넣어주세요~', '11. 그 다음은 순두부를 넣어줍니다.', '12. 마지막으로 달걀과 파를 넣어 마무리 해줍니다.', '13. 제눈에는 엄청 맛있어 보이는데 어떠세요?  사실 순두부찌개의 맛을 좌우하는 바지락이나 돼지고기 없이 맛을 내려면 쉽지 않은데요. 제가 생각하는 포인트는 바지락이나 돼지고기가 없으면 굴소스 정도는 꼭 들어가야 하고, 멸치육수도 필요합니다. 그리고 간이 적당히 맞아야 합니다.']"
입안에서 톡톡톡 ,"미나리 300g,국간장 1/2큰술,다진마늘 1/2작은술,소금 약간,참기름 1큰술,깨 약간","['1. 홀린듯이 담아온 미나리  이녀석입니다.ㅎㅎㅎㅎ 사진에서도 미나리향이 나는거 같죠?  지금 마니마니 드세요~~ 그냥 생으로 쌈도 싸먹고 무쳐도 먹고 맘껏~~드시와요.', '2. 미나리는 거머리가 있다고 하죠.  걱정없어요~~식촛물에 담궈두면 거머리가 스물스물 나옵니다. 아직 한번도 거머리가 스물스물 나오는거 본적은 없다만.... 식촛물에 푹~~담궈 두었다가 흔들흔들 여러번 씻어내면 됩니다.', '3. 미나리 300g은 팔팔 끓는 소금물에 살짝만 데쳐주세요.  미나리 줄기만 드시는분들 많지만... 잎도 먹어도 되는거예요. 전에 어떤분이 물으셨어요. 미나리 잎은 먹음 안되는거냐고.. 아니예요~깔끔하게 먹으려고 미나리잎을 정리하는건데요. 미나리잎도 다~먹어도 됩니다.', '4. 살짝 데친 미나리는 체에 받혀서 찬물에 휘리릭~식혀주고 물기제거해줍니다.', '5. 물기뺀 미나리는 약 5센티 길이로 잘라주세요.', '6. 미나리향을 해치지 않을정도로만 다진마늘을 넣어주세요.  1/2작은술 넣었답니다. 국간장 1/2큰술 넣고 참기름은 1큰술 깨도 솔솔 뿌려주세요.', '7. 손끝으로 조물조물~~  모자라는 간은 소금간으로 맞춰 줍니다.']"
★현미호두죽,"현미 4컵,찹쌀 2컵,호두 50g,물 1/2컵,소금 약간","['1. 현미와 찹쌀은 씻어서 불린 후 분말기로 적당히 간다.', '2. 호두는 끓는 물에 데친 후 물기를 뺀 다음 분말기에 곱게 간다.', '3. 냄비에 분량의 물과 현미, 찹쌀을 넣고 끓어오르면 불을 중한 불로 줄여 쌀알이 퍼질 때까지 끓인다.', '4. 어느 정도 익으면 호두 간 것을 넣어 한소끔 더 끓인다.', '5. 불을 끄고 뚜껑을 덮은 채 약 10분간 뜸을 들인 다음 소금으로 간한다.']"
부들부들 보들보들 북어갈비♥,"북어포 1마리,찹쌀가루 1C,간장 2T,설탕 1T,물 1T,다진파 1T,다진마늘 1T,참기름 1T,깨소금 1T,후춧가루 약간","['1. 북어포를 준비해주세여.머리랑 꼬리는 잘라주시고 지느러미도 정리해주세요.그리고 등쪽에 껍질도 제거해주세요.그 다음 물에 5분~10분정도만 불려주세요.', '2. 북어를 불리는 동안 위의 분량대로 넣어서 양념장을 만들어 주세요.', '3. 불린 북어를 한번 꾹꾹 눌러서 물기를 짜 준 다음에키친타올에 올려 물기를 한번 더 제거해주세요.', '4. 칼코를 이용해 북어 등쪽에 칼집을 콕콕콕 내주세요.', '5. 먹기 좋은 크기로 잘라주세요.저는 일단 반으로 자른뒤 5등분 해줬어요~', '6. 그 다음 통에 북어를 깔고 양념장 1t씩 북어살 안쪽에 뿌려주세요.', '7. 북어->양념장->북어->양념장 순서대로 올려주세요.북어 크기에 따라 양념장이 남을수도 있고 안 남을수도 있지만남은 양념장은 과감히 버려주세요~이렇게 한 뒤 1시간정도 숙성시켜주세요.', '8. 1시간 뒤에 간이 적절히 밴 북어를 찹쌀가루에 묻혀주세요.남은 찹쌀가루는 톡톡톡 털어주세요~', '9. 달군 후라이팬에 기름을 넉넉히 두르고 찹쌀가루를 묻히 북어를 익혀주세요. (약간 튀긴듯한 느낌으로요)', '10. 잘 구워준 북어갈비를 키친타올에 올려 불필요한 기름을 제거해주시면 완성!!!!!!!!!!']"
토마토스파게티♥,"스파게티 면 1줌,해물 믹스 1컵,양파 1/2개,청양고추 1개,베이컨 3줄,물 2컵,통후추 적당량,시판 토마토소스 2컵,고춧가루 1스푼,다진 마늘 1스푼,올리브유 2스푼,청주 1스푼,올리고 당 1스푼","['1. 양파는 채 썰고 청양고추 1개는 총총 썰고, 베이컨은 먹기 좋게 썰어줍니다. 해물 믹스는 찬물에 해동시켜 준비해주세요.', '2. 냄비에 물 8컵 그리고 굵은소금 0.5를 넣어 끓여주고 물이 팔팔 끓어오르면 스파게티 면을 넣어 삶아 체에 밭쳐주세요. 삶은 스파게티 면은 물에 헹구지 말아주세요.', '3. * 삶는 시간은 포장지에 적힌 시간에서 2분을 제외하고 삶아주세요. 예를 들어 8분 삶아야 하는 거면 6분 삶아주면 됩니다.', '4. 팬에 올리브유 2, 다진 마늘 1, 고춧가루 1을 넣고 중불에 달달 볶아주세요. 타지 않게 조심하세요.', '5. 양파, 베이컨, 청양고추를 넣고 볶다 이어 해동해 놓은 해물 믹스를 넣고 1분 정도 더 볶아 줍니다.', '6. 물 2컵을 붓고', '7. 시판 토마토소스(스파게티 소스) 2컵, 청주 1, 올리고 당 1을 넣고 센 불에서 보글보글 끓여주고', '8. 국물이 끓어오르면 삶아 놓은 스파게티 면을 넣고 2분 정도 더 끓여 주세요', '9. 그리고 취향껏 통후추, 파르마산 치즈가루를 넣어 간을 더하고 마무리합니다.', '10. 토마토 스파게티 완성', '11. 바게트에 올려 드셔도 맛나요']"
표고버섯탕수,"표고버섯 7장,홍파프리카 1개,청피망 1개,계란 1개,감자전분 4T,포도씨유 1컵,칠리소스 6T,꿀 3T,간장 3T,다진양파 1개","['1. 재료 준비를 해요. 표고버섯은 4등분하고 파프리카도 비슷한 크기로 썰어주세요. 양파는 다져주고 소스도 준비해요.', '2. 계란을 잘 풀어 주세요. 비닐봉지에 표고버섯을 넣고 계란 물을 넣어 잘 흔들어요. 다시 전분을 넣고 흔들어 골고루 잘 묻혀주세요.', '3. 프라이팬에 기름을 넣고 예열해요. 표고버섯을 넣고 뚜껑을 덮어요. 한번 뒤집어서 노릇해지면 망에 꺼내주세요.', '4. 소스와 다진 양파를 넣고 중불에서 시럽처럼 될 때까지 보글보글 끓여요.', '5. 소스에 튀긴 표고버섯과 파프리카를 넣어요.', '6. 소스와 섞어주면 완성입니다. ※불은 1~2분만 가열해 주세요.', '7. 그릇에 담아 참깨를 솔솔 뿌려 맛있게 드세요.^^']"
달콤한 마늘향이 가득해~ 갈릭치킨♥,"식빵 2장,마요네즈 3숟갈,설탕 2숟갈,다진마늘 1숟갈,소금 1꼬집","['1. 그릇에 마요네즈, 설탕, 소금, 다진마늘을 넣고 골고루 섞어주세요.', '2. 소스를 2등분하여 빵에 골고루 펴발라주세요.', '3. 에어프라이어에 넣고 180℃에서 8분간 구워주세요.', '4. 막 구워진 상태에서 먹어야 가장 맛이 좋습니다.']"
바삭바삭 양파링 튀김 만들기,"오징어 3~4마리,튀김가루,차가운생수,얼음 약간,튀김기름,소금 약간,후추 약간,스파이스가루 (혹은강황가루)","['1. 오징어는 몸통과 다리를 분리하고 내장을 말끔히 제거해 주었어요. 껍질도 벗겨낼까 하다가 그냥 식감을 조금 더 살리기 위해서 그대로 사용했네요.', '2. 손질을 마친 오징어는 끓는 물에 가볍게 데쳐 물기를 제거합니다. 튀김을 할 때 생물 그대로 사용하면 수분이 많이 남아있어 튀김옷을 입힌 후 튀겨내면 튀김옷이 잘 입혀지지 않고 잘 벗겨져 버리더라고요. 그래서 이렇게 가볍게 살짝만 데쳐줍니다.', '3. 튀김가루에 파슬리와 스파이시가루를 살짝 섞어주었어요. 소금과 후추도 약간 여기에 강황가루가 있다면 조금 섞어주면 샛노란색이 먹음직스럽게 튀겨진답니다.', '4. 봉지째 흔들어 주어야 골고루 뭉치지 않고 잘 섞이더라고요. \u200b', '5. 튀김가루에 차가운 생수와 얼음을 넣어 좀 더 차갑게 해주어 반죽을 하면 튀김이 바삭바삭해요. 튀김옷은 걸쭉하게 흐르는 정도가 좋더라고요. 안그럼 너무 두꺼운 튀김이 되죠.', '6. 기름에 퐁당 가볍게 넣어 바삭바삭하게 튀겨냅니다. 기름에 동동 떠오르는 튀김가루를 울 둘째가 너무 좋아해요. 튀김우동 먹으면 꼭 띄어주던데 그걸 먹으려고 일부러 튀김우동을 먹는 아이랍니다.참고로 기름의 온도는 너무 뜨겁지 않게끔 튀김반죽을 살짝 떨어뜨렸을 때, 중간까지 내려갔다가 올라오면 딱 좋은 온도네요.', '7. 튀김은 두 번을 튀겨주어야 바삭바삭하게 먹을 수 있어요. 위 사진 속 튀김은 딱 한 번만 가볍게 튀긴거고요. 살짝 식힌 후 다시 한 번 튀겨내 바삭함을 살려주었어요.', '8. 그리고 바삭바삭하게 두 번 튀겨냈어요. 매운 떡볶이가 생각나게 하는 튀김이지만, 우린 오징어튀김만 있어도 맛있게 먹었다는. 쫄깃한 오징어의 식감이 아주 좋더라고요. 탱글탱글 역시 한 번 가볍게 데쳐낸 후 튀기기 참 잘했어요. 튀김 옷이 얇아서 좋죠. 너무 두꺼우면 튀김을 먹는건지 기름을 먹는건지 모르겠더라고요. 튀김은 최대한 얇게 튀겨줘야 식감도 좋고 더욱 바삭하게 즐길 수 있어요. 튀김옷이 얇아서 느끼하지 않아 먹는내내 입이 즐거워요.']"
참치 삼각김밥 삼총사,"쌀밥 1.5공기 ,참치캔 1개,마요네즈 약간,간장 3T,맛술 3T,올리고당 2T,물 5T","['1. 먼저 기름뺀 참치에 마요네즈를 넣고 비벼줍니다.', '2. 양념들과 물을 소량 넣고 약불에서 끓여줍니다.', '3. 이정도 농도가 되면 불을 끕니다.', '4. 이제 밥 안에 참치를 넣고 모양을 잡아줍니다.', '5. 기름을 살짝 두르고 주먹밥을 구워줍니다. 앞뒤 한번씩 소스를 발라서 잘 구워줍니다.']"
해물을 가득 넣은 뚝배기 해물떡볶이,"떡볶이떡 2컵,물 2컵,대파 1/2대,통깨 약간,고추장 2T,고추가루 1.5T,간장 2T,설탕 3T","['1. 먼저 종이컵 기준 물 2컵에 떡볶이떡을 넣고 센불에서 팔팔 끓여 줍니다.', '2. 물이 팔팔 끓으면 양념을 다 넣어준 뒤 잘 풀어주고 또 자글자글 끓여 줍니다.', '3. 국물이 졸아들면 대파를 가위로 쫑쫑 썰어 넣어주시고 통깨 약간 뿌려 주시면 끝!', '4. 너무 간단한데 맛있어서 놀라는 백종원 분식점 떡볶이 완성입니다!', '5. 한개 먹어보니 어머머!정말 분식점에서 파는 떡볶이 맛이 나면서 넘 맛있어요. 너무 간단한데 맛있어서 놀랬어요^^']"
스팸 샌드위치 만들기,"김치,스팸,밥,굴소스 1.5큰술 ,올리고당 1.5큰술 ,고추장 1큰술,맛술 1작은술,참기름 1큰술,후춧가루 약간","['1. 양념을 분량대로 섞어주세요', '2. 김치도 꺼내고 스팸도 먹기 좋은 크기로 썰어주었어요.', '3. 달궈진 팬에 기름을 살짝만 둘러 햄을 넣고 먼저 튀겨내듯 볶아주세요.', '4. 그리고 기름 1작은술을 더 두른 후 김치를 넣어 중불에서 달달 볶아주세요.', '5. 김치가 투명해지기 시작하면 밥을 넣은 후 미리 만들어두었던 비법양념장을 넣어 골고루 섞어가며 볶아주세요.']"
참치 깻잎 주먹밥,"햄,당근,양파,애호박,달걀2개,참치 1캔,마요네즈,김가루","['1. 먼저 볶음밥을 만들거에요. 너무 크게썰면 밥뭉칠때 자꾸 튀어나오더라구요. 씹히는맛이 아예없음 또안되니 일반 볶음밥할때보다 약간 작게작게 썰어주시고, 한꺼번에 달달 볶아주세요~', '2. 볶아진 야채는 한쪽으로 몰아놓고, 반틈에 스크램블~ 밥넣어 볶아 볶음밥 완성했어요. 참치에도 약간 짠맛이잇고 김가루를 조미김으로 만들거라 따로 간은 아무것도 안햇어요.', '3. 참치는 기름을 빼서 준비해준뒤~ 마요네즈 뿌직뿌직해서 섞어주세요.', '4. 김가루는 일반 조미김 이용해서~ 봉지에 김담고 조물딱조물딱 해주면 김가루 완성!', '5. 밥을 잘 뭉쳐서~ 중간부분을 살짝 파이게 만들어준뒤, 참치마요를 넣고~ 그위를 다시 밥으로 덮어 조물조물 주먹밥모양을 만들어주면 됩니다.', '6. 김가루위에서 또르르~ 굴려준다음 손으로 한번더 꾹꾹 눌러주세요! 김가루는 많이 묻힐수록 맛나니깐여~ 주먹밥에 잘붙도록 굴리고 꼭꼭 눌러주고 굴리고 꼭꼭 눌러주고를 2번씩 반복하면 완성!']"
새우볶음밥 고로케,"새우 10마리,밥 2공기,김치 1/4포기,당근 1/2개,감자 1/2개,양파 1/2개,빵가루,달걀,밀가루","['1. 새우는 꼬리만 남겨두고 깨끗히 손질해주세요~ 이쑤시개를 이용해서 내장도 제거해 주시구요~ 튀겨줄 거니깐 새우꼬리를 벌려보아서 뾰족하게 나온 물주머니도 제거해주시구요~', '2. 당근, 양파, 감자, 김치는 모두 송송송 다져서 준비해주세요~저는 애호박을 안 좋아해서 넣지 않았는데~애호박이나 푸른야채를 넣어주시면 색깔 배합이 더 잘 맞겠죠??냉장고를 뒤져서 남은 야채를 모두 송송송 다져서 넣어보세요~', '3. 새우는 꼬리부분을 약간 남기고 작게 잘라주세요~남은 꼬리부분은 새우 볶음밥과 함께 뭉쳐서 튀겨줄거예요~', '4. 후라이팬에 기름을 살짝 두르고 감자를 먼저 볶아주세요그 다음 양파,당근,김치를 넣고 볶아주신 다음새우를 넣고 이때 소금약간, 후추도 약간 넣어서 간을 맞춰주시고~마지막으로 밥을 넣고 볶아줍니다~볶음밥은 센 불에서 빨리빨리 볶아내주셔야지 맛있어요~', '5. 그럼~ 요렇게 맛있는 새우볶음밥이 완성되요~이대로 도시락을 싸가도 좋아요~하지만 소풍을 갈때는 좀 더 특별하게~', '6. 이제 만두소를 넣는 것처럼 볶음밥을 둥글게 쥐어주신 다음에 가운데를 움푹하게 해서 잘라놓은 새우꼬리를 넣고 사진처럼 동글동글하게 만들어주세요~주의하셔야 할점은 꼭 꾹꾹 눌러가면서 모양을 만들어주세요~그렇치 않으면 계란물을 묻힐때 다 흩어져 버려요~', '7. 그 다음 밀가루->계란물->빵가루를 입혀주세요~', '8. 그 다음에 기름에 퐁당~ 노릇노릇 튀겨줍니다~ 많은양을 쓰시지 마시고 돌돌 굴려가면서 튀겨주세요~ 그 다음 키친타올에 올려서 불필요한 기름을 제거해주세요~']"
꼬마 스팸 쌈밥 만들기,"밥 2공기,상추나그외쌈야채 (작은걸로골라서),스팸,밑반찬,참기름 1/2t,맛소금 약간,깨 약간","['1. 상추는 깨끗이 씻어서 준비해주세요~그리고 너무 크면 모양이 안 이쁘니 딱 손바닥 크기정도인 상추를 골라주세요~상추말고도 깻잎이나 그외 쌈야채를 다양하게 이용해줘도 좋겠죠?', '2. 밥에 참기름1/2t, 맛소금으로 간을 해주시고 잘 섞어주세요~그리고 잠시만 김을 날려주세요~', '3. 밥을 식히는 동안 맛있는 스팸을 구워보도록 해요~저는 도시락통에 맞춰서 썰었어요~저는 쌈밥이랑 스팸을 따로 놓으려고 해서 좀 크게 썰었는데~밥이랑 같이 쌈을 싸고 싶은 분들은 좀 작게 썰어주시면 되겠죠?아니면 아이들 도시락이면 잘게 다져서 밥 속에 넣어도 좋아요~', '4. 그리고 맛있게 간을 해둔 밥을 동글동글 둥글게~크기는 골프공보다 조금 작게 해주시면 되요~', '5. 자~ 이제 동글동글한 밥을 상추위에 올리고 차곡차곡 이쁘게 도시락 통에 넣어줍니다~', '6. 요렇게~ 이쁘게 통에 차곡차곡 놓으시면 되요~하지만 좀 허전하죠~이럴때는 깨의 마술을 부려봅니다~', '7. 그 다음에 반찬 통에 맛있게 구운 스팸과 김치를 함께 놔주면~맛있는 꼬마스팸쌈밥 완성~']"
베이컨 김치말이 밥,"베이컨 6줄,밥 6~7큰술,김장 배추김치 6잎,참기름 1큰술,깨소금 1큰술","['1. 김장김치를 씻어 준후 물기를 닦아주세요', '2. 베이컨도 준비해 주세요', '3. 밥은 참기름과 깨소금을 넣고 고루 섞은후 한입크기 정도로 꼭꼭 뭉쳐주세요', '4. 김치 줄기 긴부분은 잘라주세요', '5. 배추 줄기쪽에 밥을 놓고 양면을 접으면서 말아주세요', '6. 베이컨위에 놓고 돌돌 말아주세요', '7. 팬에 베이컨 말은 끝부분이 아래로 가게 놓고', '8. 돌려가면서 노릇하게 구워주세요', '9. 구운 베이컨 말이는 반으로 자른후', '10. 완성 그릇에 담아주세요']"
스팸 오이 식빵롤,"식빵 4장,스팸 1/3캔,오이 1개,체다치즈(노란치즈),머스터드,피클,마요네즈","['1. 오이는 어슷썰기나 돌려깎기를 해서 채썰어주세요~어슷썰기하신 다음에 채썰어주시는 분들은 가운데 씨가 많은 부분들은 과감히 빼주세요~', '2. 스팸은 조금 두껍게 썰어주세요~', '3. 그런 다음 후라이팬에 노릇노릇 맛있게 구워줍니다~노릇노릇~ 지글지글~', '4. 머스터드2T, 마요네즈3T, 작은피클1개를 곱게 다진다음 잘 섞어주세요~', '5. 맛있게 구운 스팸을 좀 식은 다음에 사진처럼 채 썰어주세요~안 식을때 막 썰어 버리면 부서지더라구요~살살 썰어주세요~', '6. 식빵은 겉에 부분을 잘라주세요~잘라낸 부분은 버터랑 다진마늘 섞어서 발라주신 다음 오븐에 구워도 맛있어요~', '7. 그 다음에 밀대로 식빵을 얇게 밀어주세요~얇게 밀어주셔야 해요~', '8. 그 다음 머스터드 소스를 식빵에 반 정도만 얇게 발라주세요~', '9. 그 다음 스팸과 오이를 적당히 올려주세요~너무 많이 올려도 잘 안 말리고~ 너무 적게 올리면 잘랐을때 모양이 안 이뻐요~스팸이랑 오이 말고도 양상추나 치즈등 다양하게 올려주세요~', '10. 돌돌 말아준 다음 랩으로 싸주세요~그러면 쉽게 풀리지도 않고 먹기도 편해요~이 상태에서 반으로 잘라주세요~']"
달콤 쫀득 고구마 치즈스틱,"고구마 큰거 2개,모차렐라치즈(피자치즈) 1/2개,버터 1T,밀가루,빵가루,달걀 1개","['1. 고구마를 깨끗히 씻어서 준비해주세요~', '2. 고구마를 물에 많이 담구지 말고 쪄준 다음뜨거울 때 버터1T를 넣어주세요~', '3. 그 다음에 골고루 섞으면서 으깨주세요~', '4. 그 다음 모짜렐라(피자치즈)를 손가락만하게 잘라주세요~', '5. 그 다음 고구마를 만두피처럼 만든 다음에 모짜렐라 치즈를 넣고 동그랗게 감싸주세요~', '6. 그럼 요렇게 두툼한 고구마치즈스틱이 되요~고구마 두께에 따라서 크기는 달라질수 있겠죠?', '7. 그 다음 밀가루->달걀물->빵가루 순으로 입혀주세요~빵가루에 파슬리나 기타 말린허브를 넣으면 모양도 보기 좋고 향도 좋아요~', '8. 그 다음에 기름에 튀겨주세요~겉이 노릇노릇 해지면 바로 꺼내주셔도 되요~다 익은 거라서 치즈가 살짝 녹을 정도만 튀겨주시면 되요~', '9. 그 다음 키친타올에 올려서 기름을 쪼옥- 빼주면 완성~']"
매콤 오징어 볶음우동,"오징어 1마리,양파 1/4개,대파 1/2쪽,당근 1/3개,청고추 1개,홍고추 1개,고추장 1T,고춧가루 1T,다진 마늘 1T,참기름 1T,설탕 1t,간장 1t,청주 1t,후추 약간,소금 약간","['1. 양파는 굵게 채썰어주시고당근도 네모나게 잘라주세요~대파랑 청홍고추는 어슷하게 썰어서 준비해주세요~', '2. 오징어는 내장을 깨끗히 제거해 주신 다음에 키친타올을 이용해 오징어 겉에 껍질을 제거해주세요~키친타올을 이용하면 쉽게 제거된답니다~다리는 3등분해주시구요~몸통은 안쪽에 칼집을 넣은 다음에 먹기 좋게 잘라주세요~', '3. 위의 레시피 대로 (고추장1T, 고춧가루1T, 다진마늘1T, 참기름1T, 설탕1t, 간장1t, 청주1t, 후추,소금약간)양념장을 만든 후에 썰어놓은 오징어를 넣고 잠깐 동안 재어주세요~', '4. 오징어를 재우는 동안 오통통한 우동사리를 끓는 물에 살짝 데쳐주세요~', '5. 달군 후라이팬에 기름을 두르고 센불에 오징어를 볶아주세요~', '6. 오징어를 살짝 볶은 다음에 썰어놓은 야채를 넣고 센불에 달달 볶아주세요~', '7. 야채랑 오징어가 다 익었으면 데쳐놓은 우동사리를 넣고 한번 볶아주시면 되요~', '8. 그릇에 이쁘게 담고 청,홍고추로 장식해주면 완성.']"
영양가득 호두 가래떡구이,"가래떡 1개,호두 15알,깨 3T,꿀 5T","['1. 먼저 호두는 따뜻한 물에 담가서 껍질을 살짝 불려주세요.', '2. 저렇게 불린 호두를 이쑤시개를 이용해 껍질을 제거해주세요.', '3. 그럼 요렇게 호두가 뽀얀 속살을 드러냅니다. 그 다음 잘게 다져주세요.', '4. 깨는 깨갈이를 이용해서 갈아주시는데요. 저처럼 깨갈이가 없으면 키친타올에 깨를 올려놓은 후에 칼 등으로 다져주시면 되요. 그러면 깨가 사방으로 튀지 않고 깔끔하게 다져집니다.', '5. 다진 호두와 깨를 넣고 꿀을 넣어서 잘 섞어주세요. 꿀 말고도 조청이나 물엿을 이용해도 좋아요.', '6. 이제 가래떡 굽기! 사진처럼 길게 구워주셔도 되구요.', '7. 저처럼 작게 잘라주신 다음 구워도 되요. 그릴에 노릇노릇 구워줬어요. 후라이팬이나 오븐을 이용해서 구워도 되요. 쫄깃쫄깃 맛있게 구워졌어요.', '8. 맛있게 구워진 가래떡에 호두와 꿀을 섞은 소스를 알맞게 뿌려주면~ 맛있고 고소한 호두가래떡구이 완성.']"
카레새우 삼각김밥 도시락싸기,"통통소세지 3개,양파 20g,당근 20g,애호박 20g,밥 1공기,소금 1꼬집,참기름 1T","['1. 양파, 당근, 애호박 채소들은 적당히 잘라준 다음 다지기로 다져주세요. 잘게 다져야 주먹밥 만들 때 잘 뭉쳐진답니다.', '2. 소세지는 반으로 자르고 + 모양으로 칼집을 내주고 그 다음 X 모양으로 총 4번갈라 8등분 칼집을 내주세요.', '3. 끓는 물에 소세지를 넣고 꽃처럼 예쁘게 펴지면 건져주세요.', '4. 달군 팬에 식용유를 두르고 소금 한꼬집 넣고 다진 채소를 볶아주세요. 채소 익은 냄새가 솔솔 날 때 까지 당근이 잘 익도록 볶아주세요. 불을 끈 후 밥을 섞어주세요.', '5. 고소하게 참기름 둘러주세요.', '6. 밥이 한소끔 식으면 동그랗게 모양을 잡아주고 소세지를 쏙 넣어서 전체적으로 동그랗게 다듬어 주세요.']"
블루베리가 톡톡 씹혀요~ 블루베리쨈과 모닝베리♥,"박력분 160g,아몬드가루 40g,버터 100g,설탕 90g,소금 2g,냉동블루베리 1컵 ","['1. 아몬드가루와 밀가루는 체에 한번 내려주고 설탕과 소금을 넣어 고루 잘 섞어준다', '2. . 버터를 넣고 주걱으로 자르듯이 섞어준다', '3. 전 도우블랜더가 있어서 주걱대신 사용했습니다', '4. 어느정도 버터가 잘게 잘라지면 손으로 날가루가 보이지 않게 반준해준다', '5. 보슬보슬 반죽이 되면 끝', '6. 타르트 틀에 반죽한 가루중 2/3 를 넣고 꾹꾹 눌러준다', '7. 블루베리를 고루 넣어준다  (전 모듬베리로 한개 더 준비해 봤어요~^^*)', '8. 나머지 반죽을 위에 뿌려준다', '9. 180도로 예열한 오븐에서 30분정도 구워준다  (각자 오븐 온도 살피시고 구워지는 색을면서 구워주세요~)', '10. 완성~!!  꺼내서 식혀주세요']"
미니새우버거♥,"모닝빵 3개,새우 10마리,상추 3장,토마토 1개,피클 약간,마요네즈,다진양파 1/2개,빵가루,밀가루,계란,소금,후추","['1. 상추는 깨끗히 씻어서 준비해주시구요. 토마토랑 피클을 슬라이스해서 준비해주세요~상추대신 양상추를 사용하셔도 되고요~ 양배추를 채썰어 사용하셔도 좋아요~', '2. 새우는 깨끗히 손질해서 잘게 다져주세요~통새우가 없으시면 칵테일 새우를 이용하셔도 좋아요~', '3. 잘게 다진 새우살과 빵가루2T, 밀가루1T, 다진양파, 달걀물2T, 소금, 후추가루를 넣고 잘 섞어주세요~', '4. 그 다음 빵크기에 맞게 둥글게 빚어주세요~', '5. 후라이팬에 기름을 살짝 누르고 노릇노릇 구워주세요~맛있는 냄새가 솔솔~', '6. 새우패티를 노릇노릇 굽는동안 모닝빵을 오븐이나 기름을 두르지 않은 후라이팬에 데워서 따뜻하게 준비해주세요~', '7. 그 다음 모닝빵을 반으로 가른 뒤에 마요네즈를 얇게 발라주세요~마요네즈 대신 허니머스터드를 발라도 좋구요~마요네즈와 허니머스터드를 섞은 다음 다진 피클을 넣어서 발라줘도 좋아요~', '8. 마요네즈를 바른 빵에 상추 →토마토→피클순으로 올려주세요~', '9. 그 위에 노릇노릇 맛있게 구운 새우패티를 올려주세요~']"
달콤하고 고소한 고구마 그라탕,"고구마줄기 3줌,양파 1/2개,식용유 2큰술,다진마늘 1큰술,국간장 2큰술,진간장 2큰술,참기름 1큰술,들깨가루 2큰술,소금 1큰술,깨소금 약간","['1. \u200b 껍질 손질이 안된 상태라면 데친 후에 껍질을 벗겨 주셔도 되고요 아님 윗부분을 살짝 꺾어서 밑으로 쭉 ~ 내려주시면 껍질이 쉽게 벗겨진답니다 \u200b', '2. 고구마줄기는 껍질 벗기면서 적당한 길이로 뚝뚝 잘라 주셔도 되고 데친 후 칼로 썰어 주셔도 되세요 양파는 채 썰어주세요', '3. \u200b \u200b \u200b손질이 끝난 후엔 냄비에 소금 1큰술을 넣고 \u200b끓기 시작하면 고구마순 투하 !', '4. \u200b 3~4분 정도 데쳐서 \u200b\u200b찬물에 헹궈 물기를 제거해주세요', '5. \u200b 그리고 팬에 다진마늘 1큰술과 식용유 2큰술을 두르고 볶고 마늘향이 올라오면 고구마줄기를 넣어 2분 정도 볶음 ! \u200b 뒤이어 양파도 볶아 주세요', '6. \u200b 이제 간만 맞추면 끝 !! \u200b국간장 2큰술로 간을 맞추고 진간장 2큰술로 감칠맛을 더하고 ^^', '7. 참기름 1큰술과 들깨가루 2큰술을 넣어 고소함을 살려주세요', '8. 모자라는 간은 소금으로 마무리 ~ 깨소금도 뿌려주세요']"
쌀로 만든 밤식빵,"쌀국수 2인분 (볶음용 굵은면),계란 1개,파 1/3종이컵 (채썰어준),마늘 3~4개,숙주 100g,건새우 1T,다진돼지고기 1/2종이컵,새우 4~5개,액젓 1/3소주컵,굴소스 1/3소주컵,물 1소주컵,설탕 1/3소주컵","['1. 파와 마늘은 채썰어서 준비하고, 냉동 새우 사용시 해동해주세요', '2. 양념장 재료를 모두 섞어주세요', '3. 쌀국수는 미리 물에 넣고 불려주세요', '4. 숙주를 깨끗하게 씻어주세요', '5. 팬에 계란을 넣고 스크램블을 만들어주세요', '6. 계란을 빼고 기름을 두르고 마늘, 건새우, 파를 넣고 볶아주세요', '7. 새우와 다진 돼지고기를 넣고 볶아주세요', '8. 불린 쌀국수의 물기를 빼고 양념장과 함께 볶아주세요', '9. 숙주를 넣고 숨이 살짝 죽을때까지 볶아주세요', '10. 아까 만들어둔 스크램블을 섞고 마무리해주세요 위에 땅콩가루도 뿌리면 더 맛있어요']"
고소한 고구마보트,"고구마줄기 3줌,양파 1/2개,식용유 2큰술,다진마늘 1큰술,국간장 2큰술,진간장 2큰술,참기름 1큰술,들깨가루 2큰술,소금 1큰술,깨소금 약간","['1. \u200b 껍질 손질이 안된 상태라면 데친 후에 껍질을 벗겨 주셔도 되고요 아님 윗부분을 살짝 꺾어서 밑으로 쭉 ~ 내려주시면 껍질이 쉽게 벗겨진답니다 \u200b', '2. 고구마줄기는 껍질 벗기면서 적당한 길이로 뚝뚝 잘라 주셔도 되고 데친 후 칼로 썰어 주셔도 되세요 양파는 채 썰어주세요', '3. \u200b \u200b \u200b손질이 끝난 후엔 냄비에 소금 1큰술을 넣고 \u200b끓기 시작하면 고구마순 투하 !', '4. \u200b 3~4분 정도 데쳐서 \u200b\u200b찬물에 헹궈 물기를 제거해주세요', '5. \u200b 그리고 팬에 다진마늘 1큰술과 식용유 2큰술을 두르고 볶고 마늘향이 올라오면 고구마줄기를 넣어 2분 정도 볶음 ! \u200b 뒤이어 양파도 볶아 주세요', '6. \u200b 이제 간만 맞추면 끝 !! \u200b국간장 2큰술로 간을 맞추고 진간장 2큰술로 감칠맛을 더하고 ^^', '7. 참기름 1큰술과 들깨가루 2큰술을 넣어 고소함을 살려주세요', '8. 모자라는 간은 소금으로 마무리 ~ 깨소금도 뿌려주세요']"
포실포실 부드러운 감자스프,"감자 3알,양파 1개,우유 2.5컵 ,버터 1조각 (1cm)","['1. 감자가 잘 익을 수 있게 조각내어 물에 삶아 줍니다.', '2. 양파도 잘게 채 썰어 주어요.', '3. 냄비를 달군 후 버터 넣고 녹여 줍니다. 고소한 향이 빠르게 퍼져 나가네요.', '4. 약불로 조절 후 양파를 노릇노릇하게 볶아 줍니다. 양파향도 그윽하게 퍼져 나가요.', '5. 잘 삶아진 감자와 양파를 그릇에 모아 줍니다. 믹서에 갈거에요.', '6. 믹서에 삶은 감자와 볶은 양파 넣어 주세요.', '7. 우유 2컵 반 정도 넣고 곱게 갈아 줍니다. 생크림으로 하면 더욱 진하고 고소한 맛이 나지만 없으면 우유로 해도 좋아요.', '8. 곱게 갈아졌으면 냄비에 넣고 약불로 잘 끓여 주면 완성됩니다.', '9. 예쁜 그릇에 담아 내고 통후추 살짝 뿌리면 끝. 냄새도 아주 좋고 부드럽게 잘 넘어 갑니다. 고소한 맛이 일품이에요.', '10. 식사 대용으로 빵 구워서 함께 드시면 오전이 든든하고 속도 편하실거에요.']"
맛있는 김치와 굴을 넣은 뚝배기 라면,"라면 1인분,파 약간,청양고추 1개,라면수프 1/2개,굴소스 2T,버터 약간,마요네즈 취향껏","['1. 라면을 3분정도 끓여줍니다', '2. 물은 약간만 남기고 버리고 라면수프 반개를 넣어 잘 섞어줍니다', '3. 굴소스를 넣어서 섞어주고', '4. 국물이 자작자작해지면 버터를 넣습니다', '5. 파를 넣고 잘 볶아준 후 불을 끕니다', '6. 마요네즈와 청양고추를 위에 얹으면 완성 +_+']"
오븐에 굽는 포테이토스킨,"스팸 1캔 (작은 사이즈),감자 작은 거 3개,양파 1/2개,청양고추 2개,대파 1/3대,물 2컵,고춧가루 2스푼,고추장 1스푼,다진 마늘 1스푼,맛술 1스푼,간장 3스푼,설탕 1스푼,된장 0.3스푼","['1. 감자는 껍질을 벗겨 굵게 채 썰어주고 청양고추 2개, 대파 1/3대는 송송 썰어 준비하고 양파 1/2는 채 썰어 주세요.', '2. 스팸은 비닐봉지에 넣어 손으로 주물러 으깨 준비합니다. 이때 너무 잘게 으깨지 말고 덩어리지게 으깨 줍니다.', '3. 냄비에 감자, 스팸, 양파를 모두 넣고 양념 재료인 고춧가루 2, 고추장 1, 간장 3, 다진 마늘 1, 맛술 1, 된장 0.3, 설탕 1 그리고 물 2컵을 부어주세요.', '4. 센 불에서 끓이기 시작하다 불을 줄이고 10~15분 정도 끓여주세요.', '5. 감자가 다 익고 국물이 걸쭉해지면 대파, 청양고추를 넣고 한소끔 더 끓여 마무리합니다.', '6. 백종원 감자짜글이 완성 ^^']"
오코노미야키,"밀가루 250ml (부침/튀김가루),계란 1개,물 180ml (2/3컵),양배추 2컵,맛술 1큰술,베이컨 3장,오징어 1/2마리,가쓰오부시 1컵,마요네즈 약간,쪽파 약간,오꼬노미소스(돈가스소스) 적당량","['1. 양배추가 듬뿍 들어가 식감도 좋고 몸에도 좋겠죠~ 얇게 채 썰어 준비합니다 집에 오징어가 없어서 새우와 베이컨으로 대신했어요', '2. 가쓰오부시를 듬뿍 올려주니  다코야끼랑 맛이 거의 비슷하다고 하네요', '3. 밀가루에 물은 180ml 정도 넣고 달걀도  넣습니다', '4. 야채와 해산물을 넣어 반죽하기', '5. 약간 걸죽한 정도로 반죽이 되면 좋아요', '6. 달구어진 팬에 기름을 넉넉히 두르고 앞뒤 노릇하게 구워주기', '7. 기름에 튀기고 굽는 건 뭐든 맛있다??ㅋ 냄새 맡고 달려드는 아이들~', '8. 잘 익은 오코노미야키 위에 소스를 바르고 가쓰오부시를 올려줍니다', '9. 쪽파가 있으면 잘게 설어서 솔솔 뿌려주세요 음식은 눈으로도 먹는 거니까^^~', '10. 마지막에 마요네즈로 먹음직스럽게 뿌려주면 됩니다 가쓰오부시 때문인지 다코야끼 향이 확 느껴져요  우리 아이들 다코야끼 참 좋아하거든요 그래서 오코노미야키도 너무 맛있게 잘 먹어요']"
바삭바삭 야끼만두,"만두 3개,밥 1공기,다진 마늘 1큰술,식용유 3큰술,굴소스 1작은술 (취향껏),참기름 1큰술,통깨 적당량,후추 약간","['1. 먼저 냉동만두는 해동해주시고요.  밥 한 그릇과 다진 마늘을 준비해요.   ** 대파 있으시면 대파도 준비해주세요.  저는 하필 대파가 똑떨어지는 바람에 다진 마늘만 준비했네요. **', '2. 중약 불로 예열한 팬에 식용유 3 큰 술을 두르고, 다진 마늘을 노릇하게 볶아줍니다.   ** 대파 있으신 분들은 대파도 같이 볶아주세요. **', '3. 해동한 만두를 숟가락으로 으깨서 가볍게 볶아주세요.', '4. 밥 한 그릇을 넣고 잘 섞어주시고요.  굴 소스로 간을 해줍니다.  ** 만두에도 간이 되어 있기 때문에 굴 소스는 처음부터 많이 넣지 않기로 해요. **', '5. 만두볶음밥은 한쪽으로 밀어주시고요.  계란 하나를 톡 깨서 스크램블 해줍니다. 스크램블이 70% 정도 익으면 가스불을 꺼주시고요.  스크램블과 볶음밥을 잘 섞어주세요.  그리고 나서 참기름 1 큰 술과 후추, 통깨를 약간 넣고 잘 섞어주기만 하면 만두볶음밥 만들기, 끝!', '6. 냉동만두로 볶음밥 만들기는 처음인데, 아 이거 정말 맛있네요 +_+  아이도 한 입 먹어보더니 눈을 동그랗게 뜨고는 진짜 맛있다고 엄지를 척!!!  심지어 냄새까지 좋다고 계속해서 감탄을 하더라고요 ㅋㅋㅋㅋ', '7. 냉동만두 있으시면 꼭 한 번 만들어드셔보시라능 :)']"
가정식 두부조림,"손두부 1모,포도씨유,소금 약간,꽈리고추 1줌,양파 1/2개,대파 1줄기,간장 70ml,물 300ml,설탕 1큰술,물엿 1큰술 (or요리당),굴소스 1큰술,고춧가루 2큰술,마늘 1/2큰술,후춧가루 1작은술","['1. 두부를 먹기 좋은 크기로 잘라 키친타월로 수분을 제거한후 소금을 약간 뿌려 10분정도 간이 들게 한후에 기름두른 팬에 노릇노릇 구워 주세요.', '2. 두부를 부칠동안 분량의 재료로 양념장을 만들어 주세요. 간장은 딱 제입에 짭짤할 정도로 넣었는데 가감하시면 되요.', '3. 분량의 물과 양념장을 팬에 넣고 끓이다가 바글바글 끓으면 두부를 넣고 조려 주세요.', '4. 두부를 처음 넣었을때 보다 국물이 약간 자작해 졌을때 준비해 놓은 꽈리고추와 양파를 넣고 국물이 조금 더 졸아들게 해주세요. 이때 간을 보고 보충할것이 있으면 보충해 주시면 되요.', '5. 국물이 걸쭉해 지면 대파를 넣고 마무리.', '6. 고소한 두부구이가 매콤하고 짭짤한 양념을 맛나 기막힌 밥도둑이 되었어요. 따끈따끈 두부조림 하나면 밥 한공기 비우는건 시간문제. 맛있는 가정식 두부조림 완성.']"
매콤 화끈한 매운 갈비찜,"갈비 800g,사태살 400g,물 8컵,대 파 1대,마늘 5톨,월계수잎 3장,통후추 1작은술,간장 8큰술,청주 3큰술,고추장 2큰술,고춧가루 3큰술,청양고춧가루 1큰술,매실 1큰술,올리고당 1.5큰술 ,참기름 1큰술,다진마늘 2큰술,후추 1/2작은술,대파 1대,청양고추 2개,육수 3.5컵 ","['1. 갈비 800g, 한입 크기로 자른 사태살 400g을 물에 3~4시간 담궈 핏물을 빼 줍니다. 중간에 물은 여러번 갈아 주세요.', '2. 냄비에 물 8컵을 붓고 대파 1대, 마늘 5톨, 월계수잎 3장,통후추 1작은술을 넣고 끓여 줍니다.', '3. 물이 고르게 팔팔~ 끓으면 핏물을 뺀 고기를 넣어 줍니다.', '4. 물이 팔팔 끓을때 고기를 넣고 끓던 물이 가라 앉으면 고기는 그만 넣고 물이 팔팔 끓을때 까지 삶아 줍니다.', '5. 갈비와 사태살을 넣고 물이 고르게 팔팔 끓어 오르면 삶아진 갈비와 사태는 건져 줍니다. 완전히 익도록 삶은 건 아니랍니다. 이렇게 남은 고기도 끓는 물에 넣고 삶아 줍니다.', '6. 삶아 건진 고기는 흐르는 물에 한번 씻어 물기를 빼고 칼집도 넣어 줍니다.', '7. 고기 삶은 물은 큰 그릇에 체를 걸고 키친타올을 한장 깔고 부어 건더기와 기름기를 걸려주어 맑은 육수를 준비 합니다.', '8. 간장 8큰술, 청주 3큰술, 고추장 2큰술, 고추가루 3큰술,청양고추가루 1큰술, 매실 1큰술, 올리고당 1 + 1/2큰술, 참기름 1큰술,다진마늘 2큰술,후추 1/2작은술 \u200b 을 넣고 고루 섞어 양념을 만들어 줍니다.', '9. 냄비에 준비한 갈비와 사태살을 담고 양념을 넣고 어슷썬 대파 흰부분 1/2대를 넣어 줍니다.', '10. 그리고 준비한 육수 3 + 1/2컵을 붓고', '11. 고루 섞어 준 후 센불에서 끓여 줍니다.', '12. 센불에서 국물이 끓기 시작하면 불을 중~약불로 줄이고 뚜껑을 덮어 졸여 줍니다. 중간 중간에 한번씩 고루 저어 주세요.', '13. 국물이 자박하게 졸여지면 대파 초록부분 1/2대,청양고추 2개를 어슷하게 썰어 넣고', '14. 살짝이 끓여 주시면 되겠습니다.', '15. 완성입니다.']"
 초간단 어묵 볶음,"사각어묵 6장,양파 1/2,새송이버섯 1개,대파 2뼘,통마늘 5개 (다진마늘 1숟가락으로 가능),올리브유 5숟가락,간장 3숟가락,고추가루 2숟가락,올리고당 2.5숟가락,미림 0.5숟가락,깨소금 1숟가락","['1. 재료를 손질합니다.  저는 마름모 모양으로도 어묵볶음을 하지만,  자주 김밥을 싸먹다보니.. 김밥에 넣을려고, 사심을 담아서 가늘게 채썰어요.  어묵은 기호에 맞게 잘라주세요.    저는 다른 재료들도 어묵과 비슷한 두깨로 잘라줬어요.  다진마늘을 이용해도 되는데, 집에 다진마늘이 소량 남아서 통마늘을 편으로 썬 후에 채썰었어요.  매콤한거 좋아하시는 분들은 청양고추, 파프리카, 베트남고추를 추가하셔도 됩니다.', '2. 팬에 올리브유 또는 까놀라유, 참기름이나 들기름을 3숟가락 두르신 후에  대파, 다진마늘 또는 채썬 마늘을 넣고  (저는 대파를 3가지로 잘랐어요. 파기름 낼 초록잎의 대파를 채썰었고, 흰뿌리부분의 대파는 가늘게   가로로 잘랐구요, 나머지는 고명으로 사용했지만... 기호 또는 시간, 상황에 맞게 조절하세요.)', '3. 파기름, 마늘기름을 내주세요. \u200b(매운맛을 좋아하신다면 통후추 또는 후추가루를 가미해주세요.)', '4. 대파, 마늘이 얼추 볶아져서 기름이 푸른빛이나면, 양파, 대파, 새송이버섯을 넣어줍니다.  \u200b', '5. 야채 겉면이 익도록 볶아준 후에, (기호에 따라 소금, 후추를 가미하세요.)', '6. 올리브유 2숟가락과 양념장, 어묵을 넣어줍니다. (올리브유 대신 식용유, 까놀라유, 들기름, 참기름 등 모두 가능합니다.) (기호에 따라 어묵을 뜨거운 물에 20초 정도 담구었다가 꺼내신 후에 하셔도 됩니다.)', '7. 달달달 양념장이 어묵과 야채에 베이도록 볶아주세요.  (깨는 통깨를 넣으셔도 되지만, 통깨보다는 깨를 빻은게 몸에 흡수가 더 잘되니 참고하시면 됩니다.)', '8. 완성된 초간단 어묵볶음 황금레시피입니다!!!!', '9. 사각어묵이 길지도, 넓지도 않다보니... 젓가락에 쏙 잡혀요~  잔치국수에 가미하셔서 드셔도 맛있고, 김밥싸실때 널으시면 더 맛있어요.', '10. 젓가락질 한번에 어묵, 대파, 통마늘, 양파, 채썬마늘이 같이 잡혀서, 매콤짭짜롬한 야채와 어묵을 한번에 드실 수 있어요.']"
매콤달콤 쫀득한 버펄로윙스,"오징어 2마리,양파 1/2개,땡초 4개,대파 1/2줄기,양배추 2줌,고추장 1T,간장 4T,고춧가루 3.5T,설탕 3T,물엿 1T,후추 4번 ,다진마늘 1.5T,참기름 1T","['1. 오징어 두마리를 먹기좋게 썰어 주세요~ 칼집을 넣으면 더 이쁘겠지만 귀차니즘 으로 그냥 큼직하게 썰었어요ㅎㅎ', '2. 오징어 볶음을 국물없이 하려면 쌘불에서 스피드 있게 볶아야하기때문에 미리 양념장을 만들어 주세요~ (고추장1,간장4,고춧가루3~4,설탕3,물엿1,후추4번톡톡,다진마늘1.5,참기름1넣고 미리 섞어 주세요^~^ 달달한게 싫으시면 설탕양을 줄여 주세요~)', '3. 야채는 저는 큰양파 반개,양배추두주먹,땡초4개,대파반줄기 준비했어요^^ (양파,땡초,대파는 꼭 넣어 주시고 나머지는 냉장고 사정에따라 야채 준비 해주시면 되셔요^~^)', '4. 식용유를 두른후 쌘불로 오징어를 볶다가 오징어가 살짝익으면 양배추,양파를 넣고 볶아주세요^^', '5. 오징어는 너무 오래 볶으시면 탱글탱글 보드라운 식감이 없어지니 야채넣고 3번정도 저어 주시다가 바로 양념을 넣고 볶아주세요^~^ 계속 쌘불입니다ㅎㅎ', '6. 마지막으로 대파,땡초 넣고 휘릭 볶다가', '7. 사진같이 양념이 어느정도 베이면 끝이에용^~^', '8. 매콤달콤 밥에 슥슥 비벼먹으면 다른 반찬이 필요 없는 밥도둑 이죵 ~♥♥ (만들면서 배고픈맘에 급하게 해서 이쁘게 담지도 못하고 찍지도 못했지만 이대로만 하시면 진짜 맛있어용 ^~^)']"
◐전자렌지로 뚝딱 칠리새우 볶음◑,"칵테일 새우 1종이컵,다진마늘 1스푼,버터 1조각,식용유 2스푼,케찹 2스푼,고추가루 1스푼,설탕 1스푼,간장 1스푼,식초 1스푼,물 약간","['1. 냉동새우는 물에 넣고 해동시켜주세요', '2. 칠리 소스 재료들을 모두 넣고 섞어주세요', '3. 팬에 식용유를 두르고 다진 마늘을 낮은 불에서 살짝 볶아주세요', '4. 마늘이 살짝 익을 때쯤 해동된 새우를 넣고 후추로 살짝 뿌려주세요', '5. 새우가 익어가면 소스를 넣고 소스와 새우가 함께 잘 버무려지게끔 물을 살짝 넣고 섞어주세요', '6. 마무리로 버터를 한조각 넣고 섞어주세요', '7. 밥을 준비해주세요', '8. 밥 위에 칠리새우를 올려주시면 완성입니다 !']"
사색꼬마김밥,"밥 2공기,김밥용어묵,오이 1/2개,캔햄 (이나 김밥용햄),김밥용단무지,김,참기름 1T,맛소금 1T","['1. 밥 2공기에 참기름1T, 맛소금1T를 넣어서 잘 섞어주세요. 여기에 설탕을 약간 넣으셔도 좋아요.', '2. 오이는 소금을 뿌린 후에 물기를 제거하고 살짝 볶아주세요. 삼호 어묵은 기름을 살짝 두르고 볶아주세요. 스팸도 단무지 크기로 잘라 노릇노릇 구워주세요.', '3. 김밥용 김을 살짝 구워서 반으로 잘라서 사용해주세요. 양념한 밥은 얇게 깔아주세요.', '4. 그 위에 재료를 한개씩만 올려서 돌돌 이쁘게 말아주세요.', '5. 그럼 단무지, 어묵, 스팸도 넣어서 이렇게 이쁘게(?) 말아주세요. 그 다음 사색꼬마김밥에 참기름을 살짝 발라주고, 칼에도 밥알이 붙지않게 물이나 참기름을 바르고 높이가 있게 잘라주세요.', '6. 요렇게 모양도 이쁘고 맛도 좋은 사색꼬마김밥 완성. 어때요? 모양도 깜찍하죠. 모양만큼이나 맛도 좋답니다. 그냥 보통 김밥보다 담백하고 먹기 좋게 즐기실 수 있어요. 특히 아이들 도시락으로 쌀때는 꼬치에 꽂아서 싸주시면 좋아요.']"
샤르르 녹는 홍시 아이스크림,"홍시 6~7개 (또는 대봉시 큰것),생크림 300g ,설탕 3큰술 (또는 꿀),레몬즙 1큰술","['1. 먼저 홍시로 퓨레를 만들어 주세요. 홍시가 씨가 있는것도 있고 없는것도 있잖아요. 일단 껍질을 벗기고 씨는 빼고 과육만 준비해서 커터에 레몬즙과 함께 넣고 곱게 갈아 주세요. 요 갈아주는게 그 씨 없는감은 몽글몽글한게 있잖아요. 그것 때문에 갈아 주는건데 그게 아니라도 한번 곱게 갈아주는게 좋답니다. 그리고 홍시는 저는 큰것으로 7개를 썼는데 과육만은 무게를 재보질 못했네요. 대략 홍시나 대봉시로 5~7개 정도 쓰시면 될것 같아요.', '2. 생크림은 설탕을 넣고 100% 로 단단하게 휘핑해서 준비해 주세요. 휘핑한 생크림에 홍시퓨레를 넣고 잘 섞어 주세요.', '3. 이과정을 끝으로 이제 얼리기만 하면 되요. 아이스크림 메이커 없으신 분들은 밀폐용기에 담아 3시간 얼리고 그 후부터 1시간 간격으로 꺼내서 포크나 수저로 박박 긁어서 공기를 포집해 주세요. 이 과정을 3~5번 정도는 거쳐야 공기가 들어가 부드러운 아이스크림이 된답니다. 저는 아이스크림 메이커를 윙윙 돌려 줬어요. 좀 시끄럽긴 하지만 20분만에 아이스크림이 완성 되니 완전 편하죠.', '4. 아이스크림 메이커 20분 돌리고 통에 담아 냉동실에 3시간 정도 두면 아이스크림이 완성 된다고 하네요.', '5. 샤르르 홍시 아이스크림 완성. 홍시의 달콤함과 입안 가득 퍼지는 생크림의 농후한 맛. 샤르르 녹는 수제 홍시 아이스크림 맛보세요. 색도 참 이쁘지 않나요? 홍시의 달콤한 맛과 향 그대로 부드럽고 달콤하게 샤르르 녹는 답니다. 재료도 비교적 간단하구요. 제가 만들었지만 정말 반했어요.']"
곡물빵으로 맛있고 든든하게~ 에그 스팸 샌드위치.,"달걀 6개,식빵 4장,크림치즈,마요네즈 2,머스터드소스 1,소금 0.3,후춧가루 적당히","['1. 냄비에\xa0달걀이\xa0잠길\xa0정도로\xa0물을\xa0부어주고.  대략 10~12분 정도\xa0삶아\xa0줍니다.  삶을 땐 굵은소금 0.5, 식초 1~2를 넣어 주세요.', '2. 삶은\xa0달걀은\xa0흰자와\xa0노른자를\xa0분리해  노른자는\xa0으깨기\xa0또는\xa0포크를\xa0이용해\xa0으깨주고', '3. 흰자는\xa0칼로\xa0다져\xa0줍니다.', '4. 으깨 놓았던 노른자에 흰자를 넣고', '5. 마요네즈 2, 머스터드 1, 소금 0.3, 후춧가루 적당히 넣어', '6. 고루 섞어주세요.', '7. 말랑말랑한 식빵이라 따로 굽지 않고 그냥 사용했어요.  한쪽 면에 크림치즈를 발라주고', '8. 만들어 놓은 계란 샐러드를 가득 올려줍니다.  남겨 놓은 식빵에도 크림치즈 발라 덮어주면 끝!', '9. 달걀 샌드위치\xa0완성  반으로\xa0잘라\xa0주면\xa0빵\xa0사이에\xa0노란\xa0달걀이\xa0가득\xa0들어\xa0있지요.  빵빵하게 넣으면 고소하고 부드러운 게 맛있는 것 같아요.  마요네즈 너무 많이 넣으면 느끼할 수 있으니깐~~ 드시는 분 입맛에 맞게 넣어주기']"
구수한 맛 그대로 단호박 사블레,"버터 70g (3.5T),설탕 50g (1/3컵),노른자 1개,박력분 100g (1컵),아몬드가루 30g (3T),설탕 조금 ","['1. \u200b \u200b 버터를 푼다.', '2. \u200b \u200b 설탕을 넣고 섞는다.', '3. 계란은 노른자만 넣고 섞는다.', '4. 박력분과 아몬드가루를 체쳐넣고 섞은 후', '5. 박력분과 아몬드가루를 체쳐넣고 섞은 후 모양을 잡아 2시간냉동한다.', '6. 설탕을 묻혀', '7. 일정하게 잘라주세요. 설탕을 묻히고 자르든 자르고나서 묻히든. 저는 묻히고 잘랐다가 굽기전에 한번 더 묻혀줬어요. 자르고 나면 설탕 다떨어짐.', '8. \u200b오븐(180℃)에서 13~15분간 굽기. 아몬드 슬라이스를 하나씩 올려줬어요. 반으로 짤라서 꽃모양으로 올려도 이쁠듯.', '9. 폭신폭신하며 부드러운 식감. 아몬드 샤브레 완성이에요. 기존의 샤브레보다 아몬드슬라이스 하나 올린것뿐인데 뭔가 멋스러운게 꼭 선물하고 싶은 쿠키네요.']"
뮈슬리 초코칩 쿠키,"박력분 250g ,버터 135g ,베이킹 파우더 4g ,베이킹 소다 2g ,계란 1개,설탕 125g ,초코칩 200g ,유기농 초코 뮈슬리 100~150g ","['1. 먼저 실온에 둔 버터를 크림화 시키며 설탕을 넣고 섞어 주세요.', '2. 여기에 계란를 넣고 잘 섞어 줍니다.', '3. 박력분과 베이킹 파우더, 베이킹 소다를 체에 잘 쳐서 넣어 주세요.', '4. 초코칩을 준비. 저는 청크초코칩 다크와 화이트, 키세서블 초코칩, 작은 다크 초코칩을 준비 했어요.', '5. 날가루가 보이지 않게 섞어준 반죽에 유기농 초코 뮈슬리와 초코칩들을 1/3만 덜어 놓고 나머지는 반죽에 섞어 줍니다. 뮈슬리는 아무거나 사용하셔도 되구요. 오트밀을 사용 하셔도 되요.', '6. 팬에 적당한 간격을 유지하고 한스푼씩 떠서 넓게 펴주고 나머지 초코칩들을 장식용으로 반죽위에 올려 주고 180도로 예열된 오븐에 10~15분 사이로 구워 줍니다.', '7. 다 구워진 쿠키는 식힘망에 충분히 식혀 주세요.', '8. 바삭바삭 달콤하고 고소한 뮈슬리 초코칩 쿠키 완성이예요. 키세서블 초코칩을 올렸더니 알록달록 크리스마스 분위기도 풍기네요. 재료를 듬뿍 큼직하게 구워서 하나만 먹어도 든든해요. 큼직한 초코칩들이 씹히는 맛도 좋구요. 뮈슬리에 들어간 후레이크가 씹히는 맛도 좋네요.']"
고소하고 부드럽구나ㅡ 호두트위스트쌀빵,"강력쌀가루 260g,통밀가루 70g,탈지분유 15g,인스턴트드라이스트 6g,식용유 30g,소금 6g,달걀 1개,찬물 210g,꿀 30g,필링 버터 70g,설탕 50g,박력쌀가루 100g,케이크가루 80g,물 2Ts,다진호두 80g","['1. 케이크가루는 케이크시트를 믹서기로 갈거나 체에 내려서 가루를 낸거랍니다. ^^ 케이크만들어서 자투리같은거 남을때 버리지마시고 냉동실에 넣어두시면 이렇게 유용하게 쓰여요 히히.얼려뒀다가~ 믹서기로 윙~ 갈면 가루가 되는것이지요 *^', '2. 쌀빵은 일차발효가 없으니 필링먼저 만들어요 .실온에 둔 버터를 거품기로 가볍게 풀어주고 설탕을 넣어 섞어줍니다. 휘핑말고 그냥 설탕이 버터와 섞이게끔만 저어주시면 되요 ^^', '3. 쌀가루와 케이크가루를 넣고 주걱으로 반죽을 가르듯이 섞어주세요.', '4. 어느정도 가루가 섞이면 호두와 물을 넣고 소보루를 만들듯이 부슬부슬하게 손으로 비벼줍니다. (물은 조절하셔요 ㅎㅎ)', '5. 이제 빵반죽 맹글기~ 기름빼고 모든 재료를 넣고 열심히 치대주세요 . 어느정도 뭉쳐지면 포도씨유나 올리브유를 넣고 맨질맨질해질때까지 반죽합니다.', '6. 요렇게 사진처럼 매끈매끈 해지도록 반죽해주신다음 2덩어리로 나눠 실온에 5분간 두세요.', '7. 작업대에 덧가루를 뿌리고 밀대로 쭉쭉쭉 15~20cm정도로 밀어줍니다.전 모르고 작게 밀어버렸지만 ^^;만드실분은 길게 밀어주세용 ^^', '8. 길다랗게 민 반죽위에 만들어둔 필링을 올리고 ~ 꾹꾹 눌러주세요 .위에서부터 돌돌돌 말아서 이음매를 잘 봉하고 손으로 반죽을 앞뒤로 굴려 길쭉한 반죽이 되도록 굴려요.', '9. 길게 민 반죽을 3등분해서 자르고 -', '10. 자른 반죽을 다시 바지모양으로 잘라주세용.', '11. 자른반죽을 앞뒤로 엇갈리게 꼬아주고', '12. 끝을 잘 오므려서 붙여준다음 오븐팬에 올리고 나머지 반죽도 똑같이 반복합니다. 윗면에 우유물도 골고루 발라주고 2배로 부풀어 오를때까지 2차발효 시켜주세요.', '13. 180도로 예열된 오븐에 15~20분간 구워주기', '14. 다 구워진 빵은 윗면에 녹인 버터를 발라주면 더 이쁘답니당 >__']"
계속 먹고싶은 아몬드견과류타르트,"잔 멸치 200g,청양고추 10개,호두 150g,아몬드 150g,식용유 2번 (두르기),간장 2T,설탕 6T,물엿 3T,깨 1T,참기름 1/2T","['1. 잔멸치 200g, 호두 150g, 아몬드 150g을 준비해주세요. 청양고추는10개 얇게 슬라이스해서 준비해주세요.  *호두랑 아몬드 베이킹용.. 음식에 들어가면 다 똑같아요~~*', '2. 양념은 간장 2T, 설탕 6T, 물엿 3T, 참기름 1/2T 를 넣고 섞어 주세요.  멸치볶음은 조금 달달하게 볶아야 맛있을것같아서 조금 달게 했어요. 어차피 청양고추도 10개나 들어가니까 이정도의 달달함쯤이야..^^', '3. 마른 팬에 멸치를 넣고 센불에서 볶아주세요. 타지않게 조심하세요. 멸치의 수분을 날려보내고 노릇 노릇 바삭해질때까지 볶아주세요.', '4. 센불에서 멸치를 볶다가 호두와 아몬드도 넣고 달달 볶아줍니다. 호두와 아몬드가 살짝 노릇해질때까지 볶아주세요.', '5. 식용유를 둘둘 두번 둘러 볶아주세요. 깨 1T 도 넣고 같이 볶아줍니다. 안넣으셔도 상관없어요. 청양고추도 넣고 바삭 바삭한 느낌이 들게 볶아줍니다.', '6. 노릇 노릇 다 볶아지면 불을 끄세요. 그리고 아까의 양념을 휙 두르고 잘 섞어주세요. 잔열로 양념을 잘 버무리고 다시 불을 켜고 약불에서 살짝만 볶아줍니다.', '7. 완성!! 매콤 달콤~ 사실 단맛이 더 강해요. 청양고추 10개는 어디로 간거니? 이렇게 많이 만든 멸치볶음. 아마 일주일이면 다 먹을것같아요. 밑반찬 걱정 끝~']"
달콤한 홍시와 새콤한 요거트의 만남~ 홍시 프로즌 요거트. ,"홍시 큰것 4~5개,설탕 4~5큰술,레몬즙 1큰술,플레인 요거트 1000ml","['1. 먼저 홍시는 껍질을 벗겨내고 과육만 곱게 갈아서 퓨레를 만들어 설탕과 레몬즙을 섞어 주세요. 이때 설탕의 양은 조절 하시면 되요~ 꿀이나 시럽을 넣으셔도 되구요~', '2. 홍시퓨레에 요거트를 부어 줍니다. 요거트는 감미되지 않은 플레인을 사용하시는게 좋답니다.', '3. 홍시퓨레와 요거트를 잘 섞어 주기만 하면 끝!! 요기서 아이스크림 메이커가 없으신 분들은 밀폐용기에 담아 냉동실에 넣고 3시간 얼린후부터 꺼내서 포크나 수저로 박박 긁어 주세요. 요 과정을 30분 간격으로 4~5번 정도 반복해 주셔서 공기가 포집되서 더 맛있는 아이스크림이 만들어 진다는건 다 아시죠? 3시간 얼린후 부터 30분 간격으로 골고루 섞어가며 박박 긁어 주는것 잊지 마세요. 요 과정이 귀찮다고 그냥 얼리기만 하시면 딱딱하게 얼어버린 얼음 덩어리를 드셔야 해요~', '4. 저처럼 아이스크림 메이커가 있으시면 그냥 아이스크림 메이커 돌려 주시면 되요. 요때는 그냥 소프트 아이스크림 처럼 아주 부드러워요~ 요걸 그냥 스무디처럼 드셔도 되요~']"
◈ 매콤하고맛있는 닭꼬지,"닭가슴살 500g,양배추 1/2개,양파 1/2개,고구마 2개,깻잎 5장,떡볶이 떡 1인분,대파 조금,고추장 3T,고춧가루 3T,진간장 3T,설탕 3T,참기름 1T,다진마늘 2.5T,맛술 3T (또는 소주),후춧가루 약간,소금 조금,물 1컵","['1. 1. 떡볶이 떡을 미리 불려놔요.  물에 미리 불려놔야 나중에 떡을 넣고 쪼릴때 빨리 익어요 !', '2. 2. 백종원표 닭갈비 소스 만들어요.  백종원 표 닭갈비 소스도 맛있게 만들어줘요 .', '3. 3. 준비해놓은 야채들 손질해요.  고구마 2개는 먹기 좋아라고 큼직하게 썰었고, 양파 1/2개와 양배추 1/2개와 대파 조금, 깻잎 5장 손질해서 준비해주세요 !', '4. 4. 닭가슴살을 깍둑썰어서 양념을 버무려줘요.  나중에 먹기도 좋고 큼지막하게 먹기 위해서 깍둑썰고 썬 닭가슴살에 아까 만들어놨던 백종원표 닭갈비 소스를 버무려줘요. 그리고 잘 버무려져라고 10분정도 재워놔요 !', '5. 5. 볶기 전에 물 1컵 정도 넣고 끓여요.  미리 물을 넣고 끓인 후에 닭갈비를 넣을거예요 !', '6. 6. 물이 끓으면 양념이 된 닭가슴살을 넣고 볶아줘요.  처음에는 닭가슴살이 뭔가 잠길 듯한 느낌이 들지만, 나중에 야채들 다 넣고 쪼리기 시작하면 꾸덕해지니까 걱정하지 마세요!!', '7. 7. 닭가슴살이 어느 정도 익었다 싶을때 양배추와 깻잎을 제외한 야채들을 넣어줘요.  깻잎이랑 양배추는 빨리 숨이 죽어버리니까 나중에 넣어주시면 되구 고구마를 젓가락으로 찔렀을 때 쑥 들어갈 정도로 볶아줍니다.', '8. 8. 마지막으로 양배추와 깻잎을 넣고 볶아주면 완성♥  정말로 너무 맛있고 어른분들께는 안주로 딱이고 아이들에게는 밥반찬으로 딱 좋아요 : )', '9. 꼭 만드셔서 드셔보세요 !']"
집에서 만든 팥앙금으로 ~ 맛난 양갱만들기 *^^*,"팥 500g,물 200ml,설탕 500~550g","['1. 준비한 팥은 한 번 씻어서, 쭈그러든 것이나 벌레먹은 것, 그리고 덜 익어 색이 옅은 팥 알갱이을 골라 낸다.', '2. 물을 넉넉하게 붓고, 강불에 올려 열을 가한다. 건져봤을 때, 팥 표면에 주름이 지면 OK.', '3. 처음 삶고 난 상태  팥 껍질이 쭈글쭈글하죠?', '4. 삶은 팥은 체에 받쳐서, 한 번 깨끗하게 씻어낸다.', '5. 다시 넉넉하게 물을 부어, 강불에 올린다. 팔팔 끓어 오르면, 팥 알갱이가 깨지지 않도록 약불로 줄여서 보글보글 끓인다. 팥 알갱이를 으깨 봐서, 아주 쉽게 으깨질 때까지 가열한다.', '6. 두 번 끓이고 난 후의 사진 다 익어서 쉽게 으깨진 모양이다.', '7. 다시 한 번 체에 받쳐서 알맹이만 건져낸 뒤, 물을 담은 큰 볼에 팥 알맹이를 넣는다. 물 색이 변하면 물을 갈아 준다. 물 색이 거의 변하지 않을 때까지 계속한다.', '8. 면 주머니에 넣고, 아주 가볍게 짜서 물기를 제거한다. 팥이 으깨지지 않도록 조심할 것.', '9. 시럽용 설탕, 물을 넣고 가열한다.', '10. 물기를 가볍게 짠 팥을 넣고 다시 한 번 끓인다. 중간중간 나오는 거품은 깔끔히 걷어낸다.', '11. 국자로 거품을 떠내다 보면 시럽 손실분도 많고, 때로는 팥 알갱이까지 딸려나와 불편한데요. 이렇게 고운 체를 준비하셔서, 거품을 살짝 눌렀다 떼는 느낌으로 작업하시면 거품만 깔끔히 걷혀요.', '12. 한 번 끓으면, 그대로 하룻밤 두어 팥에 골고루 단 맛이 배어들게 한다.', '13. 8.을 강불에 올려서 가열한다. 올라오는 거품은 걷어 주고, 팥이 뭉개지지 않도록 주의하며, 중간중간 바닥까지 긁으면서 저어줄 것.', '14. 끓어오르는 시럽이 없고, 주걱으로 떠낼 수 있을 정도의 농도가 되면 완성!', '15. 랩을 씌운 넓은 쟁반 위에, 팥앙금을 한 덩어리씩 덜어 펼쳐 놓는다.', '16. 팥앙금이 마르지 않도록, 물에 적셔 물기를 꼭 짠 젖은 면보를 올린다. 팥앙금이 완전히 식으면, 당장 쓸 것을 제외하고 냉동보관한다.']"
대표적인 크리스마스 빵 파네토네,"강력분 600g ,우유 250g ,인스턴드 드라이 이스트 16g ,소금 9g ,설탕 108g ,레몬즙 1큰술,버터 120g ,계란 2개,꿀 12g ,각종 당절임 과일 240g ,럼주 1컵,토핑용 버터 약간","['1. 먼저 당절임 과일부터 럼주에 담궈서 준비 합니다. 이 과정은 파네토네 만들기 전날 해주시는게 과일에 럼의 풍미가 한껏 배어들어 좋아요. 저는 집에 있는 당절임 과일을 총동원 했어요. 키위, 방울 토마토, 청건포도, 건포도, 트로피컬 후르츠믹스, 레몬필 등을 넣었어요. 먼저 당절임 과일을 밀폐용기에 넣고 럼주를 과일이 잠길 정도로 충분히 부어 주시면 되요. 전날 이렇게 럼주에 당절임 과일을 담궈 놓고 반죽 직전에 체에 받쳐서 물기를 빼서 준비해 두세요.', '2. 그리고 나서 30도 정도로 데운 우유에 이스트를 넣고 잘 섞어서 기포가 올라올때까지 두세요. 겨울철 발효가 안되는걸 감안해서 미리 이스트를 활성화 시키는 과정이라고 하네요. 부글부글 기포가 올라오면 되요.', '3. 그리고 큰볼에 (저는 제빵기 반죽) 이스트가 들어간 우유를 넣고 계란을 풀어 계란과 꿀, 레몬즙을 넣고 잘 섞어 줍니다. 체친 밀가루에 소금과 설탕을 넣고 잘 섞어 준후 위 과정에 섞고 잘 치대다가 반죽이 한 덩어리로 뭉쳐지면 버터를 넣고 다시 반죽해 줍니다. 반죽을 치대는 과정이 끝나기 5분전에 준비해둔 과일들을 넣고 잘 섞어 줍니다. 이때 견과류 반 과일 반 넣으셔도 되요. 저는 그냥 과일만 넣었어요. 반죽을 한 덩어리로 잘 다듬어 볼에 넣고 1차 발효 해주세요. 1차 발효가 끝나면 요렇게 발효가 잘 되었나 확인해 보시구요. 가볍게 반죽을 눌러 가스를 빼 줍니다. 가스 뺀 반죽은 틀에 맞는 크기로 분할해서 둥글려 주고 따뜻하게 스팀한 타월을 얹고 10분 정도 휴지시켜 줍니다.', '4. 벤치타임이 끝난 반죽은 다시 가볍게 둥글려 주는 식으로 성형하여 파네토네 컵이나 틀에 담고 2차 발효 해줍니다. 반죽이 틀높이의 70% 쯤 올라 왔을때 발효를 멈추시고 반죽의 표면에 칼집을 내어 그위에 버터를 짜서 올려 줍니다. 180도로 충분히 예열한 오븐에 넣고 25~30분 정도 구워 줍니다. 반죽의 크기에 따라서 시간은 조절해 주세요. 이때 반죽이 한껏 부풀어 오르니까 중간에 윗색이 진해지면 호일을 덮고 구우세요.', '5. 크리스마스를 위한 빵 파네토네 완성 입니다. 브라보. 작은컵에 구운 애들은 노릇노릇 정말 이쁘게 잘 구워 졌어요. 정말 럼과 과일의 향이 어우러져 아주아주 달콤하고 맛있는 빵이 완성 되었어요. 파네토네는 보통 보존 기간이 6~7개월 이라고 하는데 아마도 그전에 다 없어질것 같습니다.']"
소고기 크림치즈 오븐구이 스파게티 ,"배추김치 50g,김밥 속에 넣었던 소고기 50g,체다치즈 1장,스파게티 국수 1인분,모짜렐라 치즈 적당량,헤비위핑크림 150g","['1. 커다란 팟에 물을 넉넉히 붓고 팔팔 끓인뒤에, 소금과 올리브유를 조금 넣고 스파게티 국수를 넣고 8-10분 정도 끓여준다. 볶아놓았던 소고기에 김치를 잘라넣고 잘 볶아준다.', '2. 김치가 어느정도 볶아지면, 헤비 위핑 크림을 넣고 끓여준다.', '3. 소스에 체다 치즈를 1장 얹고 치즈가 녹을때까지 끓여준다. 그다음 스파게티 삶은 국물을 1국자 넣고, 소스를 적당히 조려준뒤, 스파게티 국수를 넣고 잘 볶아준다.', '4. 오븐용 내열 용기에 스파게티 국수를 반정도 담고, 모짜렐라 치즈를 좀 뿌려주고 그 위에 스파게티 마져 다 얹고, 모짜렐라 치즈를 듬뿍 얹는다.', '5. 오븐을 브로일 하이로 켜고 약 5-7분 정도 모짜렐라 치즈가 녹을 정도로 구워주면 완성']"
◈ 칼로리를 줄인 브라우니,"밀가루 1/4컵 (약18g),설탕 1/4컵 (약18g),코코아파우더 2밥숟가락 (or 제티),식용유 2밥숟가락,우유 1/4컵,슈가파우더 적당량 (선택사항)","['1. 컵에 준비한 밀가루를 넣어주세요 (체를 쳐서 넣으면 더 섞기가 쉬워요^^)', '2. 준비 된 설탕도 넣습니다 (단걸 좋아하신다면 원래 레시피에서 설탕 2~3스푼정도를 추가하셔도 될것 같아요!!)', '3. 코코아파우더나 제티 (핫초코 가루)도 2스푼 넣어주세요  (밀가루와 마찬가지로 체를 치면 더 편하겠죠?)', '4. 이제 식용유를 2스푼 넣습니다 (녹인버터를 사용하셔도 되요!!)', '5. 준비된 우유를 넣고 잘 섞어주세요', '6. 이제 전자레인지에 넣고 1분간 돌린 후, 10초씩 3번 돌려주세요 (총 1분 30초)', '7. 마지막으로 데코용 슈가파우더를 뿌려주시면 완성입니다!! 슈가파우더는 꼭 뿌리지 않으셔도 되요^^', '8. 맛있게 드시면 됩니다♥ 따뜻할때 우유랑 드시면 정말 맛있어요~']"
 간단하게 만들어용 Artisan bread *^^* ,"햄 100g,양파(대) 1/2개,당근 1줌,감자(중) 1/2개,파 1/2대 (잎위주),식은 밥 2인분,케찹 1T,소금 1/2T,후추 약간,계란 4개,돈가스소스 6T,케찹 3T,올리고당 3T,굴소스 1T,물 100ml","['1. 먼저 소스만들 양념을 모두 넣고 섞어 둡니다. (꼭 미리 해야 하는건 아니지만 오므라이스를 따뜻하게 먹을 수 있도록 미리 섞어두면 좋겠죠^^)', '2. 들어갈 재료를 손질해주세요.', '3. 모두 잘게 다져줍니다.', '4. 기름을 두른 팬에 다진 파와 양파, 감자를 넣어 볶아줍니다.', '5. 파와 양파의 향이 올라오면 당근과 햄을 넣어 볶다가, 소금과 후추, 케찹을 넣어 간을 해줍니다.', '6. 다 섞이면 식은 밥 2인분을 넣고 불을 끈 상태에서 골고루 섞어줍니다.', '7. 계란을 풀어 지단을 만들어주고, 반 정도 익은 상태에서 만든 볶음밥을 올립니다.', '8. 넓은 접시를 그 위로 덮고 뒤짚은 후 잘 다듬어 주면 모양잡기 쉽게 클리어!!', '9. 마지막으로 섞어둔 소스를 저어주면서 약한불로 5분정도 끓여줍니다.', '10. 소스 붓고 파슬리로 장식하면 완성~']"
치즈케이크와 브라우니를 한번에 -♬ 브라우니치즈케이크,"계란 3개,크림치즈 200g,설탕 90g,옥수수전분 20g,생크림 150g","['1. 크림치즈를 부드럽게 풀어준뒤 계란노른자만 넣어 잘섞어줍니다', '2. 생크림을넣고 섞어주세요', '3. 옥수수전분까지 넣어 섞어줍니다!', '4. 계란흰자는 거품을 내어 설탕을 3번나누어머랭을올려주세요', '5. 요정도로 약50%정도만 올려주심되셔요', '6. 머랭은 3번나누어 전반죽에 가볍게 섞어줍니다', '7. 치즈케익은 많이부풀긴하는데 식으면 엄청 낮아저요~ 팬에 꽉차게 부어주시는게좋을꺼같아요 150도 1시간20분 구워주세요     오븐팬위에 원형틀을 놓고 오븐팬위에 뜨거운물을 부어 중탕으로 구워줍니다', '8. 치즈케익은 냉장실에서 적어도 3시간정도는 차갑게 해주셔야 맛있어요 >,']"
돼지고기 김치찌개,"물 2컵 (250ml 기준),돼지고기 찌개용 250g (또는 목살),신김치 200g,김칫국물 5큰술,참기름 1작은술,양파 1/2개,청고추 2개,대파 약간,고추장 1큰술,미림 1큰술,국간장 1/2큰술,소금 1꼬집,다진마늘 1큰술,국간장 1/2큰술,후추 약간","['1. 돼지고기는 분량의 양념을 넣어 조물조물 해주신후 30분 이상 재웁니다.', '2. 냄비에 썰어둔 김치와 밑간한 돼지고기, 김칫국물 5큰술, 참기름 1작은술을 넣어 약불에서 3~5분간 충분히 볶아줍니다.', '3. 돼지고기 자체에 지방이 붙어있으니 참기름은 많이 넣지 않으셔도 된답니다. 이렇게 충분히 볶아주세요~.', '4. 충분히 볶아진 김치에 물 1컵을 넣어 끓여줍니다.', '5. 물 1컵을 넣어 보글보글 끓여준후 나머지 1컵을 더 부워주도록 합니다. 물을 한꺼번에 부워서 끓이는것보다 이렇게 나눠서 끓여주면 국물맛이 더욱 좋아진답니다.', '6. 보글보글 국물이 끓으면 여기에 양파와 두부를 넣어줍니다.', '7. 국간장을 넣어줍니다.', '8. 모든 재료가 한데 잘 어우러졌다면 다진마늘과 어슷 썬 고추 1개를 넣어줍니다.', '9. 부족한 간은 소금으로 해주시고 대파와 나머지 고추 1개를 더 넣어 한소끔 더 끓이신후 마무리 합니다.']"
윤기가 좔좔 ㅡ 로스트치킨 ,"닭날개 500g,우유 1/2컵,칠리소스 약간 (or 허니머스터드),올리브유 2큰술,맛술 2큰술,굴소스 1큰술,올리고당 1큰술,다진마늘 1/2큰술,카레가루 1작은술,후추 약간,소금 약간,파슬리가루 약간,로즈마리 약간","['1. 닭날개는 우유에 10분 정도 담가두었다가 건져 낸 후 물에 헹궈 물기를 제거해주세요.', '2. 닭날개에 칼집을 넣고, 소스재료에 10분간 재워주세요.', '3. 달군 팬에 약간의 올리브유를 두르고 닭날개의 표면이 노릇하게 색이 나도록 앞뒤로 2분간 구워주세요.', '4. 오븐팬에 닭날개를 넣고, 200도로 예열한 오븐에서 13~15분간 구워 속까지 익혀주시면 완성! (오븐이 없을 시에는 닭날개 표면을 노릇하게 구운 후 불을 약불로 줄이고 뚜껑을 닫아 10분 정도 은근히 구워 속까지 익혀주세요.)']"
몸에 좋은 오트밀이 가득 ㅡ 오트밀쿠키,"버터 160g,설탕 130g,계란 65g,오트밀 160g,박력분 190g,베이킹파우더 3g,코코아가루 6g","['1. 사용할 오트밀은 마른 팬에 볶고~ 식혀두기 ㅎㅎ 고소한 냄새가 나면 다 볶아진거니 넓게 펼쳐서 식혀두심 되요 .', '2. 실온의 말랑한 버터를 핸드믹서로 가볍게 풀어주신다음, 설탕을 넣고 버터의 부피가 커지고 색이 연하게 될때까지 휘핑해줍니다.', '3. 설탕이 어느정도 녹으면, 계란을 3~4번 나눠넣고 섞어줍니다.', '4. 미리 체친 가루류와 오트밀은 가볍게 섞어주고', '5. 계란이 고루 어우러진 버터에 넣고 골고루 섞어줍니다 .', '6. 잘섞인 반죽은 유산지나 랩에 반죽을 싸서 네모나게 성형해주신후 냉동실에 2~3시간 굳혀줍니다', '7. 단단해진 반죽은 7mm정도로 썰어 적당한 간격으로 팬닝한 후', '8. 160도로 예열된 오븐에서 30분간 서서히 구워줍니다. 요 쿠키는 요렇게 낮은 온도에서 오래 구워주는게 포인트인거 같아요']"
구수한 밤풍미 가득한 밤머핀,"밤 1.4kg,물 2/3 (밤양만큼)","['1. 이웃분이 주고가신 밤', '2. 밤을 깨끗이 씻어요', '3. 냄비에 넣고 물은 밤의 2/3 넣어요.', '4. 센불에서 물이 끓으면 중불로 20분 약불로5분 불끄고 3~5분 뜸들여요.', '5. 밤이 잘 삶아졌습니다.', '6. 물이 아예 없도록 삶아주면 됩니다. 물을 넘 많이 넣으면 밤맛이 덜해요. 냄비 닦을일이 귀찮지만, 살짝 타도 군밤처럼 맛있어요.', '7. 밤보관법은 밤은 받자마자 (껍질째 보관하면 벌레생겨요) 1.겉껍질을 홀랑까서 비닐팩에 넣어 김치냉장고 보관 2.겉껍질 속껍질 모두 벗겨서 냉동보관합니다.  *저는 위의 두방법대로 보관하고 있고요. 찾아보니 소금물에 2~3시간 담갔다 건져서 비닐팩에넣어 냉장보관하라고 하시네요.']"
매콤달콤 찜닭,"손질된 닭 한마리 7호,당면 1줌,감자 큰 거 2개,양파 1개,당근 1/3개,오이 1/3개,대파 1/2개,청고추 1개,물 4종이컵,진간장 13스푼,물엿 5스푼,설탕 3스푼,캐러멜소스 1스푼 (생략가능),다진마늘 3스푼,후춧가루 톡 3번,인스턴트커피 1봉,미림 3스푼 (혹은 소주),쌀뜨물 (또는 우유)","['1. [당면 불리기] 큰 볼에 당면 한줌 분량을 넣고 당면이 잠길 정도의 찬물을 넣어주세요. 그냥 사용하면 억세기 때문에 약 1시간 정도 불려 주었습니다.', '2. 1시간 정도 불려주면 부피가 늘어나는데요. 참고해주셔서 취향에 따라 가감해 주세요.', '3. < 야채 손질 > 당근 1/3개는 둥글 납작한 모양으로 양파 1개는 듦성 큼직하게 오이 1/3개는 어슷썰기로 대파 1/2개는 손가락 길이 정도로 큼직하게 썰어서 준비해주세요.', '4. [닭 잡내 제거 1차] 손질되고 토막 난 7호 닭 1마리는 흐르는 물로 1차 세척을 해주세요. 큰 볼에 닭이 모두 잠길 정도의 쌀뜨물을 담고 약 30분 동안 잡내를 제거해주시고요.', '5. [닭 잡내 제거 2차] 1차 잡내 제거를 마친 닭은 흐르는 찬물로 한번 헹궈 주세요. 냄비에 닭을 모두 넣고 물과 미림 3스푼 혹은 소주 3스푼을 넣고 강불로 끓여주세요.', '6. 보글보글 끓기 시작하면 닭은 바로 건져내 주시면 된답니다.  기름기 제거와 잡내는 확실히 잡혔겠죠! ', '7. [안동찜닭 소스 만들기] 조금 전 사용했던 냄비에 물을 모두 버리고 종이컵 4컵 분량의 물과 닭을 넣어주세요.', '8. 이어서 베이스 소스인 진간장 13스푼을 넣어주시고요.', '9. 황금레시피 필살기인 커피 1스푼을 넣고 10분 정도 강불에서 끓여주세요.  커피는 잔류 잡내 제거에 큰 도움을 주며 색상때문에 넣는 캐러멜소스를 안넣어도 찜닭의 진한 국물 색상을 만들어주기도 한답니다 저는 오늘 두가지 다 준비되어있어 다 넣었어요!', '10. 10분 후 설탕 3스푼 넣고 살살 저어 주시며 1분 동안 끓여주세요.', '11. 물엿6스푼 도 함께 넣어주세요.', '12. 깔끔한 국물맛을 위해 올라오는 거품은 걷어내 주세요.', '13. [야채 넣고 끓이기]   이제 야채를 넣어줄 차례!  고추와 대파를 제외하고 손질해 놓은 감자, 당근, 오이, 양파를 넣고 으깨지지 않게 살살 저어 주세요.', '14. 다진 마늘 3스푼, 후추 톡 3번,캐러멜 소스 1스푼을 넣고 뚜껑을 닫고 10분간 강불로 끓여주세요.', '15. 후추 톡! 3번', '16. 캐러멜소스1스푼', '17. 손질해 놓은 대파 1/2개, 홍고추 1개 불려놓은 당면 한 줌을 모두 넣어주세요. 그리고 정확히 2분 30초만 끓여주시는 게 최적의 당면 식감을 만드는 포인트라고 하네요.', '18. 보는 것만으로도 그때의 맛이 생각나는 식욕 돋게 하는! 찜닭 완성입니다. ^_^', '19. 일단 거두절미하고 닭다리 맛부터 볼게요! 적당히 탄력 있는 닭살은 입에 넣고 후릅! 하면 살과 뼈가 분리돼요. 평소 안동찜닭을 좋아하시는 친정 아빠는 맛을 보시더니 파는 것보다 훨씬 맛있다고 A 뿔뿔 뿔! 이다를 외쳐주셨답니다.  엄청 칭찬해 주셨어요 우헤헤헤 험험..', '20. 찜닭 맛이 거기서 거기일 수도 있겠지만 어른, 아이 할 것 없이 모두 드시기도 좋고적당한 짭조름한 맛이 어우러진 꽤 괜찮은 레시피였답니다.']"
바나나 프렌치 토스트 만들기,"바나나 1개,식빵 2장,우유 100ml,달걀 1개,설탕 2T,버터 1T,슈가파우더 1T,꿀 1T","['1. 바나나는 세로로 반 잘라 준비한다.', '2. 팬에 설탕을 넣고 그 위에 바나나를 올리고 설탕을 한번 더 뿌려 굽는다', '3. 식빵은 가장자리를 잘라내고 밀대로 민다.', '4. 우유와 달걀을 섞어 식빵을 넣어 잠시 둔다.', '5. 식빵에 설탕에 구운 바나나를 넣어 만다.', '6. 예열된 팬에 버터를 넣고 말아놓은 식빵을 노릇하게 구워 낸다.', '7. 슈가파우더와 꿀을 뿌려 완성한다.']"
◈ 남은밥 멋지게 처리하자! - 베이컨 그라탕,"닭가슴살 100g,양파,새송이버섯,파프리카,밥,버터 조금,피자치즈,토마토 스파게티 소스 3숟가락,우스터소스 1숟가락,소금,후추","['1. 닭가슴살, 양파, 새송이버섯, 파프리카를 먹기 좋은 크기로 잘라서 준비해주세요.', '2. 오목한 팬에 기름을 살짝 두르고 양파 먼저 볶아주세요.', '3. 양파가 어느정도 익으면 닭가슴살을 넣고 함께 볶아주심 된답니다.', '4. 그다음 새송이버섯, 파프리카를 넣어 함께 볶아주세요.', '5. 어느정도 재료가 익었을때 우스터소스를 한스푼 넣어주세요. 우스터소스가 없을경우엔 간장이나 참치액 넣어도 괜찮을것 같아요.', '6. 그리고 토마토스파게티소스를 3스푼 넣어주세요. 혹시 토마토스파게티소스가 없으면 케찹을 넣으셔도 상관없어요.', '7. 잘 볶아진 재료에', '8. 밥을 넣어주세요. 그리고 버터도 조금 넣어 함께 볶아주심 볶음밥이 감칠맛이 나면서 더욱 맛있답니다.', '9. 마지막으로 피자치즈를 넣고 볶아주세요. 생크림이나 우유를 살짝 넣어주심 휠씬 부드러운 그라탕을 맛볼수 있답니다. 여기에 소금,후추로 간을 살짝 해주심 좋아요.', '10. 완성된 닭가슴살 볶음밥을 그릇에 담고 모짜렐라 치즈를 듬뿍 올려 오븐이나 전자렌지를 이용해 치즈를 녹여주심 된답니다. 전 전자렌지를 사용했어요 3분정도 돌렸네요. 집집마다 틀리니깐 전자렌지 사용시 중간 중간 체크해 주세요.', '11. 완성된 치킨 그라탕. 담백하고 고소한 치킨 그라탕. 밥을 볶을때 치즈랑 우유를 넣고 함께 볶았더니 부드럽고 좋아요. 대신 너무 뜨거워요. 호호호 불며 식혀드세요. 첨에 그냥 먹었다가 깜짝 놀랬다는요.']"
단호박 해물치즈구이,"단호박 작은크기 1통,낙지 작은크기 1마리,모듬해물 1줌,칵테일 새우 1줌,양파 작은크기 1/2개,파프리카 1/2개,대파 1줄기,떡볶이떡 1줌,피자치즈 200g,고추장 2.5큰술 ,고춧가루 1/2큰술,굴소스 2큰술,다진마늘 1작은술,후춧가루 1작은술,설탕 1/2큰술,요리당 1큰술","['1. 단호박은 윗부분을 잘라 속을 파내고 전자레인지에 12분 정도 돌려 주세요. 해물은 깨끗하게 씻어 끓는물에 살짝 데쳐 놓아요.', '2. 한입 크기로 잘라 놓은 떡볶이떡과 데쳐놓은 해물, 그리고 양파를 기름두른 팬에 볶다가 양념장을 넣고 볶아 줍니다.', '3. 이렇게 빨갛게 볶아지면 한번 맛을 보세요. 그냥 먹기에 좀 짭짤하고 맵다 싶을 정도로 볶아져야 나중에 단호박과 치즈랑 함께 먹을때 잘 어우러 져요. 싱겁지 않구요. 파프리카와 대파를 넣고 마무리.', '4. 미리 익혀 놓은 단호박속에 해물볶음을 꽉꽉 채워 넣구요. 위에 피자치즈를 듬뿍 올려 200도로 예열된 오븐에 10분 정도 구워 줍니다.', '5. 오븐에서 방금 나온 단호박. 먹음직스러워요. 치즈가 주루룩.', '6. 칼로 8등분을 하면 노오란 단호박속에 빠알간 해물들이 수두룩. 하얀 치즈옷을 입고 있네요. 새우, 문어, 낙지, 조개, 오징어, 홍합, 갑오징어, 양파, 파프리카. 떡볶이떡이 들어 있어요. 치즈를 주욱 늘리는 재미또한 즐거워요. 달콤한 단호박과 고소한 치즈, 매콤화끈한 해물과 떡이 참 조화롭고 맛있어요. 한끼 식사로도 영양만점 간식으로도 술안주로도 손색없네요.']"
타라코 앤젤 헤어 파스타 ,"앤젤헤어 파스타 1인분,명란 2개,마늘 다진것 1큰술,우메보시 1개,참기름 2큰술,시칠미 적당량","['1. 물에 올리브 오일, 소금을 조금 넣고 물을 팔팔 끓여서 앤젤 헤어파스타를 넣고 약 7분 정도 끓여주면 다 익는다. 앤젤 헤어 파스타는 한국 소면과 두께가 비슷해서 정말 빨리 익는다. 팬에 마늘 다진것 1큰술,참기름 1큰술을 넣고 달달 볶아준다.', '2. 마늘이 잘 볶아지면, 명란 2덩어리를 넣고, 젓가락으로 갈기 갈기 찢어준뒤 참기름 1큰술을 넣고 살짝 볶아준다.', '3. 명란이 볶아지면, 파스타 삶은 물을 1국자 넣어준다.', '4. 앤젤헤어 파스타를 명란 볶은것에 넣는다.', '5. 시칠미를 조금 뿌리고 명란알이 국수 사이사이 들어가도록 잘 섞어서 볶아준다.']"
◈ 지진난 빵을 눈덮힌 언덕으로 -갸토쇼콜라,"박력분 40g,코코아가루 50g,다크초콜릿 100g,버터 90g,달걀 4개,설탕 120개,생크림 60g,슈가파우더,생크림","['1. 다크 초콜릿은 중탕해서 녹여주신뒤에 버터를 넣고 같이 녹여주세요.', '2. 그사이 계란은 노른자, 흰자 분리한 뒤에 노른자에 설탕의 1/4 정도 넣고 연한 노랑이 될때까지 거품기로 저어줍니다. 설탕이 완전 녹아야합니다~', '3. 달걀 흰자는 흰거품이 나기 시작하면나머지 설탕을 서너번에 걸쳐넣으며 머랭을 올려줍니다.', '4. 1번을 2번에 조금씩 흘려주면서 거품기로 섞어주세요. 1번은 어느정도 식혀서 사용하세요.', '5. 4에 실온의 생크림액을 넣으면서 거품기로 골고루 저어줍니다.', '6. 미리체쳐둔 박력분+코코아가루를 넣고 가루가 보이지 않게 섞어줍니다. 되도록 가볍게 주걱을 이용해서 섞어주세요~', '7. 머랭의 1/3씩 나누어 3번에 걸쳐 섞기를 반복합니다. 머랭이 남아있지 않도록 골고루 섞되 거품이 꺼지지 않도록 주의하세요', '8. 틀에 넣고 바닥에 두세번 가볍게 내리쳐 기포를 빼주고 165도로 예열된 오븐에 35~40분 구워줍니다.']"
it's delicious! 몽블랑 :D ,"달걀노른자 155g,달걀 50g,설탕 100g,바닐라 엣센스 1/2ts,물 35g,레몬즙 10g,박력분 50g,전분 20g,다진 밤 적당량,생크림 25g,커스터드크림 250g,우유 250g,바닐라설탕 1봉지,버터 25g,박력분 22g,설탕 50g,달걀노른자 2개,밤 18개,밤페이스트 200g,생크림 200g,슈거파우더 적당량","['1. 먼저 비스퀴 만들기☆ 깨끗한 볼에 실온에 둔 달걀, 달걀노른자와 설탕을 넣고 고속으로 휘핑해주세요.', '2. 바닐라엣센스와 레몬즙+물을 볼 가장자리로 조금씩 흘려서 넣어주고(거품이 꺼지지 않도록), 거품기를 들어 리본을 그렸을때 3초이상 없어지지 않으면 잘된 반죽이랍니다.^^', '3. 마지막으로 반죽속에 큰 기포가 없어지도록 저속으로 2~3분간 저어주세요 .^^', '4. 2번 체친 가루류를 넣고 주걱으로 섞어주고 유산지를 깐 팬에 반죽을 붓고 스크래퍼로 윗면을 평평하게 다듬어 줍니다.', '5. 다진 밤도 골고루 뿌려주고 ,190도로 예열된 오븐에 12분간 구워주시면 되요 ^_^', '6. 다 구워진 비스퀴는 유산지를 떼어내고 사방 12cm 정사각형으로 잘라주세요.', '7. 커스터드 크림 만들기☆ 냄비에 우유와 바닐라설탕, 버터를 넣고 고루 저어서 녹여줍니다. 가장자리가 보글보글 끓으면 불에서 내려서 식혀주고,', '8. 다른 볼에 체친 박력분과 설탕을 넣고 멍울 푼 달걀을 조금씩 넣어 덩어리가 지지 않도록 열심히 저어주세요.', '9. 따뜻한 우유를 조금씩 넣어 골고루 저어주고 , 체에 한번 걸러 중불에 올린다음 거품기로 골고루 저어가며 끓여줍니다.', '10. 완성된 커스터드 크림은 차가운 물에 올려서 확실하게 식혀주고, 다른작업을 할동안 윗면이 마르지 않도록 랩을 씌워두세요.', '11. 또 다른 볼에 ,생크림을 80%올려주세요.', '12. 만들어둔 커스터드크림에 휘핑한 생크림 25g을 넣어 섞어주고', '13. 잘라둔 비스퀴에 골고루 펴발른후 , 밤을 올려 벌어지지 않도록 잘 오므려서 작업대에 가지런히 올려주세요.', '14. 밤페이스트를 부드럽게 풀고 휘핑해둔 생크림을 3번 나누어 넣고 섞어주면 밤크림 완성 ^^*', '15. 짤주머니에 밤크림을 담고 비스퀴위에 짜주세요~ 집에서 만든 페이스트를 사용하니 몽블랑 모양깍지 구멍이 넘 작아서 밤알갱이가 끼어 막히는사고가 발생!! 하더라구요. 그래서 그냥 원모양 깍지를 이용해서 쭉쭉 짜줬어요 ㅋㅋ', '16. 슈거파우더도 솔솔 뿌려주고 ~ 마지막으로 밤조림을 올려주면 완성 >ㅁ']"
다가올 크리스마스엔 찹스테이크 꼬치구이와 소고기 야채볶음밥,"소고기 300g,양파 1/2개,표고버섯 3개,통마늘 7쪽,후추 약간,버터 1/2T,올리브유 1T,허브솔트 약간,맛술 1T,돈까스소스 4T,케찹 1T,굴소스 1T,올리고당 1T,물 1T","['1. 분량의 재료를 준비해주세요 파프리카가 있으면 색감이 더 좋겠지만 냉장고속 재료가 이것뿐이라서요,,', '2. 소고기는 키친타올을 이용해 핏물을 제거해주세요 그리고 올리브유1, 허브솔트, 맛술1을 넣고 밑간을 해주세요', '3. 고기밑간이 되는동안 양념장을 만들어주세요', '4. 그리고 야채도 다듬어 양파와 버섯을 깍둑모양으로, 마늘은 편으로 썰어주세요', '5. 버터0.5를 넣고 센불에 고기를 볶아주세요', '6. 고기의 겉면이 익으면 야채를 넣고 볶아주세요', '7. 후추톡톡 넣고 볶다가 양파가 익을정도로 볶아주세요', '8. 어느정도 야채가 익으면 미리 만들어놓은 양념장을 넣고 고기에 양념이 잘 베어들도록 볶아주세요']"
바질 페스토 만들기,"바질 200g,잣 100g,다진마늘 3T,올리브유 200~250ml,레몬즙 3~4T,소금 약간,후추 약간,파마산치즈 100g","['1. 바질은 잎사귀만 잘라 깨끗이 씻은 뒤 넓게 펴 물기 잘 말리거나 닦아주기', '2. 잣 한번 볶아 식히기', '3. 믹서기에 바질, 잣, 다진마늘, 오리브유, 레몬즙, 소금, 후추, 파마산 치즈를 넣어 갈되, 믹서기 크기에 따라 적당히 나눠 갈아주기 (열이 발생하지 않도록 큰 믹서기라도 조금씩 쉬어가며 갈아주는 게 좋음) 농도 봐서 너무 되직하면 올리브유 조금씩 더 넣어가며 갈기', '4. 잘 씻어 건조되었거나 열탕소독된 유리병에 담은 뒤 맨 위에 올리브유 조금 더 부어 공기와 차단막 만들어 보관해두기']"
올리브&어니언 포카치아,"강력분 500g ,설탕 10g ,소금 10g ,몰트 1g ,양파 중간것 1개,올리브 20개 ,올리브유 60cc,물 350cc,드라이이스트 8g (올리브유 약간)","['1. 먼저 강력분은 체쳐서 볼에 넣고 구멍을 파서 소금, 설탕,이스트가 서로 닿지 않게 섞고 몰트를 넣어준후 올리브유와 물을 넣고 20분 정도 치대 줍니다. 한덩어리로 매끈하게 반죽이 되면 볼에 랩을 씌워 1차 발효를 1시간 정도 해주세요.', '2. 1차 발효가 끝나면 옮겨서 가스를 빼주세요. 가스를 뺀 반죽은 4~5 등분으로 나눠 둥글려준후 중간발효 15분쯤 해주세요. 저는 반죽이 너무 질어서 표면과 바닥에 덧가루를 뿌려 줬어요. 반죽이 무척 질지만 빵맛은 아주 부드럽고 좋답니다.', '3. 중간 발효가 끝나면 팬에 올리브유를 바르고 밀대로 넓직하게 밀어준 반죽을 옮겨 줍니다. 넓직해진 반죽 한곳엔 양파를 원하는 모양으로 잘라 콕콕 박아 주고요. 다른 반죽엔 올리브를 콕콕 박아 줍니다. 토핑을 올린 반죽은 2차 발효 30~40분 정도 해주세요.', '4. 2차 발효가 끝나면 표면에 올리브유를 바르고 200도로 예열된 오븐에 15분 정도 구워 줍니다.', '5. 다 구워져 나온 포카치아의 표면에 다시 올리브유를 쓱쓱 발라주세요. 금방 구워져 나온 포카치아에 올리브유를 바르면 보기에도 좋고 풍미도 더 좋아져요.', '6. 올리브 & 어니언 포카치아 완성. 울퉁불퉁 콕콕 박힌 올리브가 귀엽네요. 겉은 바삭하고 속은 아주 부드럽고 촉촉하답니다. 올리브유도 듬뿍 넣고 겉에도 듬뿍 발라 줬기 때문에 풍미도 아주 좋아요. 게다가 또 올리브유를 찍어 먹잖아요. 짭쪼름한 올리브 포카치아도 맛있구요. 달큰하고 풍미가 가득한 어니언 포카치아도 맛있어요. 특히 올리브유와 발사믹식초를 찍어 먹는 그맛. 금방 중독 되실지 모르니 조심 하세요.']"
아삭아삭 고소한 흑미와플,"콩나물 한봉지 300g,참기름 1T,소금 1t,통깨 1T,쪽파/당근 조금","['1. 콩나물을 깨끗이 씻어요. 바로 팬에 담아서 뚜껑을 덮어 가열합니다. 씻을 때의 물이 묻어있고 재료 자체의 수분으로 익히면 훨씬 영양분이 살아있답니다. *가스렌지-약불에서 7분 *인덕션-7단에서 7분', '2. 콩나물을 데치는 동안 고명으로 쓸 채소를 준비합니다. 아주 조금만 있어도 됩니다.', '3. 잘 데쳐졌네요. 조금 있는 물은 따라내고 그 팬에서 바로 무칠거예요. ※따라낸 물은 국이나 찌개에 넣으면 좋아요.', '4. 먼저 참기름 1T로 콩나물을 버무려주세요. ※기름을 먼저 쓰면 소금을 조금만 넣어도 간이 맞습니다.', '5. 소금과 고명채소, 통깨를 넣고', '6. 버무리면 아삭아삭한 콩나물 무침 완성입니다.', '7. 그릇에 예쁘게 담아 찰칵!!!']"
철판 쏘야볶음,"후랑크소세지(줄줄이비엔나) 10개,파프리카 1.5개 ,양파 큰것 1개,당근 1/2개,대파 1줄기,올리브유 적당량,굴소스 1큰술,케찹 10큰술,설탕 1/2큰술,후춧가루 약간","['1. 파프리카를 손질 할때는 이렇게 꼭지부분 아래로 1센티 정도를 자르면 씨를 쉽게 제거 할수 있어. 가운데 씨부분만 쏙 잡아빼면 깔끔하죠. 이미 알고 계시는 건데 제가 괜히 올리나봐요. 야채는 미리 한입 크기로 썰어서 준비해 주세요.', '2. 소세지도 길죽길죽 어슷어슷 썰어서 준비 하시구요. 줄줄이 비엔나로 만드실 분들은 비엔나소세지에 칼집을 넣어 주세요.', '3. 소세지 겉면이 노릇노릇 익으면 야채를 넣고 볶아 줍니다. 이때 불은 계속 센불로 유지해 주시고, 타지 않게 계속 뒤적 거리며 볶주세요.', '4. 후춧가루를 넣어 주시구요. 취향껏 넣으세요. 넣지 않는것 보단 넣는것이 맛이 더 좋아요. 통후추를 직접 갈아서 쓰시면 풍미가 더욱 좋겠네요. 후춧가루를 넣으시곤 바로 굴소스를 넣어 주세요. 센불에서 재빨리 볶아야 하기 때문에 양념을 볶으면서 바로바로 넣어 주셔야 해요. 대파를 넣으실 분들은 이때 대파를 넣어 주세요. 다른 야채들과 함께 넣으면 대파는 금방 숨이 죽어 버리거든요.', '5. 굴소스를 넣은 다음엔 케찹과 설탕을 넣고 양념들이 잘 스며 들도록 타지 않게 잠깐만 볶아 주세요. 소세지는 미리 익혔고, 야채는 센불에서 단숨에 볶아야 아삭아삭 풍미도 좋고 맛있거든요. 오래 볶을 필요도 없지요. 푹 익힐 재료들이 없으니까요.', '6. 이제 철판에 기름칠을 약간해서 코팅한 후에 충분히 달궈서 소세지 야채볶음을 올려 주세요.', '7. 지글지글 맛있는 철판 쏘야볶음 완성. 사진 찍을때 지글지글 소리 때문에 어찌나 침이 넘어 가던지요. 철판에 소세지 야채 볶음을 올리면 금방식지 않고 오래 뜨거운 상태로 맛있게 먹을수 있지요.']"
튜나 & 에그 샌드위치 ,"식빵 10개,참치샐러드 5큰술,달걀 6개,슬라이스치즈 5개,참치통조림 2개,샐러드야채 100g,소금 1작은술,후추 1작은술,마요네즈 4큰술,연유 1큰술,바질가루 1작은술,꿀 1작은술,레몬즙 1큰술","['1. 참치샐러드는 참치는 기름을 완전하게 제거 한 후에 소금, 후추, 바질가루, 레몬즙, 꿀, 연유, 마요네즈를 넣고는 잘 섞어서 완성합니다. 그럼 참치샐러드는 완성입니다. 이걸 그냥 식빵에 발라서 드셔도 맛있고요. \u200b 크래커에 올려서 드셔도 아주 맛있습니다. 크래커 위에 참치샐러드 올리고 올리브 하나 올려 주고는 트러플오일 뿌려 주시면 더욱 고급진 에피타이저 음식이자 안주가 되겠죠 ㅎㅎ \u200b 달걀을 잘 풀어서 소금 넣고 간을 해 준 후에 두껍게 부쳐 내어 줍니다. 그리고는 가장자리를 정리하고는 사각으로 만들어서 정사각형으로 만들어서 준비해 놓습니다.', '2. 식빵은 모서리 부분을 짤라서 준비합니다. 모서리부분은 버리지 마시고 나중에 갈아서는 빵가루로 사용하시면 됩니다. 아니면 튀겨서 설탕 발라서 드셔도 맛있습니다. ^^', '3. 식빵에 달걀지단을 깔아 주고 그 위에 참치샐러드를 올려 줍니다. 두툼하게 올려 주세요.', '4. 그리고 슬라이스치즈를 올려 줍니다.', '5. 그 위에 식빵을 덮어 줍니다. 그리고는 먹기 좋은 크기고 가로세로 4등분을 시켜 줍니다. 그럼 한입에 먹기 딱 좋지요.', '6. 4등분한 참치에그샌드위치의 단면입니다. 두툼한 달걀지단부터 보이네요. 거기에 참치샐러드......', '7. 간단하게 만들어서 먹을 수 있는 브런치이자 아침식사로 좋은 참치요리 참치에그샌드위치 완성입니다.']"
부드럽고 달콤한 커스타드 푸딩 만들기,"다시마 2장 (5*5CM),물 200ml,계란 6개,맛술 1T,새우젓국물 1T,설탕 2ts,맛소금 1ts,참기름 1T,다진파 2T,다진당근 1T","['1. 물 200ml에 5*5 size 다시마 2장을 넣고 20분정도 두어 다시마 육수를 만듭니다.', '2. 큰 그릇이나 볼에 계란 6개를 깨서 넣고', '3. 맛술 한스푼', '4. 새우젓국물 1스푼', '5. 설탕 깎아서 2티스푼', '6. 맛소금 깎아서 1티스푼', '7. 참기름 한스푼 넣어줍니다.', '8. 젓가락으로 계란을 잘 풀어주세요 :)', '9. 계란이 어느정도 풀렸으면 다시마 육수를 모두 넣고 잘 풀어 섞어줍니다.', '10. 계란찜을 만들 그릇을 준비해주세요. 내열유리그릇이나 스텐그릇, 열을 가해도 괜찮은 그릇을 준비해주시면 돼요.', '11. 나중에 계란찜이 잘 떨어지도록 그릇에 기름칠을 해줍니다. 이왕이면 고소한 참기름으로~ㅎㅎ 참기름 한스푼 넣고 붓으로 그릇에 꼼꼼하게 잘 묻혀줍니다.', '12. 계란물을 체에 걸러 찜그릇에 담아주세요.', '13. 요렇게 담아주시면 돼요 :)', '14. 야채는 당근, 대파 두가지만 넣을거에요 :) 대파를 잘게 다져줍니다.', '15. 당근도 잘게 잘게 다져주세요.', '16. 계란물에 다진파, 당근을 넣고 숟가락으로 살짝 섞어줍니다.', '17. 그릇입구에 랩을 씌워줍니다.', '18. 찜기에 물이 끓으면 준비한 계란물을 담은 그릇을 올려줍니다.', '19. 뚜껑을 닫고 중불에서 20분 쪄주고 20분후에는 불을끄고 5분정도 뜸을 들여줍니다.', '20. 짜잔~ㅎㅎ 익으면서 계란이 부풀어 올라서 오동통 해졌어요ㅎ', '21. 참기름을 넣었더니 고소한 향이 가득하더라구요 :)', '22. 계란찜을 그릇에서 빼낼때에는 그릇위에 도마를 놓고 뒤집고 그릇을 들어올려주면 계란찜이 쏙~하고 빠져요 :)', '23. 완성된 계란찜은 먹기좋은 크기로 썰어주세요.', '24. 단면에서 보이는 기공마저 매력적인 급식계란찜. 푸딩처럼 탱글탱글하면서 단단한것 같으면서도 먹어보면 식감이 정말 부드러워요. 뚝배기계란찜과는 또다른 식감과 맛!! 급식계란찜만의 매력인것 같네요 :)', '25. 맛있게 만들어 드세요 :)']"
15분만에 뚝딱! 오븐에 굽는 웨지감자.,"감자 큰크기 4개,슬라이스치즈 3장,우유 2/3컵,구운베이컨 2장 (잘게 썬),다진마늘 1.5큰술 ,우유,치즈,베이컨","['1. 감자를 2등분으로 썬 다음 3~4조각의 웨지가 나오도록 썹니다.', '2. 물에 10분 정도 담구어 두었다가 키친타월에 대강 물기를 닦아 줍니다.', '3. 팬에 버터 10g, 기름 2큰술을 두르고 감자를 놓습니다. 버터 없으시면 기름을 한큰술 더 넣어 주세요.', '4. 뚜껑 닫고 한면을 익힙니다. 한쪽면이 다 익으면 다른쪽 면도 익힌다음 감자 등쪽도 마저 익혀 주세요.', '5. 이제 부터는 소스를 만들어 볼까 합니다. 팬에 기름을 두른 후 다진마늘 1+ 1;/2큰술을 넣고 볶습니다. 마늘 향이 코끝을 찌르면 우유를 넣고 끓어 오르면 치즈를 넣고 졸여 줍니다. 다 졸여지면 베이컨을 뿌려 같이 섞어 줍니다.', '6. 웨지감자를 놓은 후 소스를 주르르 부어 주세요. 맛나게 드시면 Ok.']"
바삭바삭 - 쌀크로칸트쿠키 *^^* ,"버터 120g,설탕 150g,베이킹파우더 2ts,달걀 1개,코코아가루 15g,강력분 100g,박력분 100g,쌀크로칸트 1줌,호두 1줌","['1. 실온의 말랑한 버터와 설탕을 볼에 넣어 충분히 휘핑하고, 달걀을 3~4번 나누어 넣고 섞어줍니다.', '2. 미리 체쳐놓은 가루류를 넣고 주걱을 세워서 80%정도 섞어주다가 호두와 쌀크로칸트를 넣고 마저 섞어주세요.', '3. 랩이나 유산지에 반죽을 넣고 모양을 잡아준다음 -냉동실에 2~3시간 굳혀주어요.', '4. 단단하게 굳어진 반죽겉면에 달걀흰자를 골고루 바른후 설탕을 묻혀줍니다.', '5. 7~8mm정도로 썰고 (얇게 자를수록 바삭바삭해요)', '6. 적당한 간격으로 팬닝한 후 180도로 예열된 오븐에 15분간 구워주세요 .', '7. 다 구워진 쿠키는 식힘망에서 충분히 식혀주고 드시면 됩니다 : D']"
차와 함께 즐기는 대추야자 스콘,"강력분 150g ,박력분 150g ,설탕 20g ,소금 2g ,베이킹 파우더 5g ,버터 45g ,건포도 6g ,달갈 1개,우유 100ml,대추야자 씨뺀것 70g ,계란물 약간","['1. 대추야자는 씨를 빼고 적당한 크기로 잘라서 준비 하세요. 대추야자는 만들기 전날 럼과 물을 1:1로 섞어서 하룻밤 재워둔후 사용하면 맛이 더 좋아요. 먼저 큰볼에 설탕, 소금, 베이킹 파우더, 밀가루를 잘 섞어 주고  여기에 버터를 넣고 소보루 상태로 만들어 주세요.', '2. 우유와 계란을 넣고 잘 섞어 줍니다.', '3. 날가루가 보이지 않을때쯤 잘라둔 대추야자를 넣고 한 덩어리로 뭉쳐서 냉장고에 30분 정도 휴지시켜 줍니다.', '4. 반죽을 2~3센티 두깨로 밀어 두세번 정도 겹치게 해준후 원하는 모양으로 성형해 줍니다.', '5. 표면에 계란물을 바르고 좀 마르면 또 한번 계란물을 발라 주세요. 그리곤 190도로 예열된 오븐에 넣고 15~20분 정도 구워 줍니다.']"
구수하고 매콤한 사천짜장 떡볶이,"떡볶이 떡 2컵,어묵 4장,햄 1컵 (or 소세지),양파 1/2개,물 3컵 (750ml),설탕 2T,다진마늘 0.5T,짜장가루 3-4T,참기름 1T,대파 1주먹,통깨 1T","['1. 물 3컵을 넣고 끓여준 후 다진마늘을 반스푼정도 넣어주세요.', '2. 물이 끓는 동안 양파, 어묵, 햄 등을 잘라주세요. 저는 소세지가 있어서 넣어주었어요.', '3. 양파를 먼저 넣고 약간 익으면  어묵과 소세지를 넣어 같이 끓여주세요.', '4. 설탕 2T를 넣어주세요.', '5. 어묵이 부들부들 익어가면 떡을 넣어주세요.', '6. 떡을 넣은 후 다시 끓어오르면 짜장가루를 넣어가며 풀어주세요. 저는 3스푼 정도 넣었는데요. 취향에 따라 1스푼 더 넣으셔도 좋아요.', '7. 짜장가루를 풀어가면서 재료들에 짜장이 스며들 때까지 약불에서 뒤적이면서 졸여주세요.', '8. 마지막으로 대파 한줌과 참기름 한바퀴, 그리고 통깨를 넣어 섞어주시면 완성이예요.', '9. 고추장떡볶이나 케찹떡볶이와는 또 다른 매력의 짜장떡볶이가 완성되었답니다.']"
미니 고구마,"고구마 중간것 5개,생크림 6~7큰술,적고구마가루 5큰술,블럭모짜렐라치즈 100g ,설탕 2큰술","['1. 먼저 고구마는 푹 쪄서 껍질을 벗긴후 바로 으깨 주세요. 뜨거울때 으깨야 편해요. 으깬후엔 설탕과 생크림을 넣고 잘 섞어 주세요.', '2. 으깬 고구마를 한큰술 떠서 납작하게 빚은후 적당히 자른 모짜렐라치즈를 한조각 넣어 주세요. 가루로 된거 쓰셔도 되는데, 블럭으로 된게 하나씩 쏙쏙 넣을수 있으니까 편합니다.', '3. 울퉁불퉁 길죽하게 고구마 모양으로 빚어요.', '4. 고구마모양으로 다 빚어지면 적고구마 가루에 둥글려서 가루가 골고루 묻게 해주세요.', '5. 오븐팬에 팬닝후 180도에서 7~10분 정도 고구마안에 치즈가 녹고 모양이 단단하게 잡힐 정도로만 구워 주시면 되요.', '6. 오븐에서 깨내면 오오~ 리얼 미니 고구마 완성~ 정말 작지만 고구마모양이 리얼 하네요~']"
홈메이드 바나나 찹쌀떡,"찹쌀가루(습식) 400g ,찬물 220g ,바나나 중간것 2개,옥수수전분 적당량,팥앙금 500g ","['1. 먼저 찹쌀가루와 물을 섞어 주세요. 랩을 씌워 전자레인지에 3분 돌려 줍니다. 랩을 걷어내고 뒤적뒤적 저어준후 또 랩 씌워 3분 돌려 주세요. 마지막으로 또 뒤적거린후 랩씌워 2~3분 돌려 줍니다. 한김 식으면 적당히 떼어내어 표면에 옥수수전분을 골고루 묻혀 줍니다.', '2. 찰떡을 만들동안 팥앙금도 준비해요. 바나나를 한입크기로 적당히 잘라 약 40그램 정도의 팥앙금안에 넣고', '3. 감싸서 준비해 주세요.', '4. 다 익은 찰떡을 한김 식힌후 표면에 옥수수전분을 묻혀서 길게 밀어 적당하게 잘라 주세요.', '5. 넓직하게 밀어 안에 바나나가 들어간 앙금을 넣고 앙금이 보이지 않도록 잘 빚어 줍니다.', '6. 모양이 참 다양하네요.', '7. 순식간에 달콤한 홈메이드 찹쌀떡이 완성 되었습니다.', '8. 표면을 좀 보세요. 속안도 바나나가 들어가서 더 이쁘지요? 겉은 쫄깃한 찰떡. 그안에 달콤한 팥앙금이 감싸고 있는 달콤한 노란 바나나. 한입 물었을때 정말 감탄했어요. 요거 정말 맛있어요.']"
보글보글 간단하게 카레어묵전골♥,"어묵 200g,다진 마늘 1/4T,카레가루 2T,물 3T,참기름 1/2T,김가루 약간","['1. 어묵은 한 입 크기로 잘라 준비한다.', '2. 예열된 팬에 식용유를 살짝 두르고 다진 마늘을 넣어 볶는다.', '3. 마늘향이 올라오면 어묵을 넣어 볶는다.', '4. 볶아진 어묵에 카레가루를 물에 풀어 넣는다.', '5. 참기름을 넣어 볶는다.', '6. 마지막으로 김가루를 넣어 볶아 완성한다.']"
촉촉한 모카머핀,"박력분 200g,버터 160g,설탕 160g,베이킹파우더 1T,계란 3개,우유 2T,초코칩 40g,커피액기스 2T,소금 약간","['1. 버터를 실온에 두어 부드럽게 만들어 준후에 잘 풀어줍니다.', '2. 레시피분의 설탕을 넣고 서걱거리지 않게 잘 녹이면서 크림화시켜줍니다.', '3. 설탕이 녹으면 계란을 노른자와 흰자를 나눠서 한개씩 넣어줍니다. 계란이 3개니깐 노른자->흰자->노른자->흰자->노른자->흰자 이렇게 총 6번으로 나눠서 넣으시면 됩니다. 이때 분리되지 않게 잘 섞어주셔야 합니다.', '4. 계란을 잘 섞으셨으면 커피액기스도 두세번으로 나눠서 잘 섞어줍니다. 커피액기스가 없으면 커피를 진하게 타셔서 사용하시면 됩니다.', '5. 베이킹파우더와 밀가루를 체쳐서 넣고 잘 섞어줍니다.', '6. 우유를 전자레인지에 5초정도만 돌려서 따뜻한 상태로 2T 정도 넣습니다.', '7. 초코칩까지 넣어서 섞어줍니다.', '8. 머핀틀에 유산지를 깔고 아이스크림스쿱이나 짤주머니, 아니면 그냥 숟가락을 이용해서 반죽을 2/3정도 채운 후 초코칩 올려줍니다.예열한 오븐에서 180도에 30분정도 구워주시고 중간에 색깔이 너무 나면 쿠킹 호일로 덮으시면 됩니다.']"
버섯포카치아♥,"박력분 250g,물 160g,말린표고버섯 5개,이스트 5g,설탕 1T,소금 1T,간장 1T,참기름 1T,올리브오일 약간","['1. 이스트5g + 물20g + 설탕 약간을 플라스틱이나 유리 수저로 섞어서 10분간 두어서 이스트를 활성화 시켜주세요~여기서 물 사용량은 총 사용량에서 사용하는 거예요~ 그래서 반죽에 사용할 물은 140g 이 됩니다.', '2. 이스트를 활성화 시키는 동안 밀가루를 체에 치고 밀가루 세 군데에 각각 이스트, 소금, 설탕을 놓아주세요~ 이스트 넣은 쪽을 먼저 반죽한 다음에 밀가루와 설탕을 반죽해주세요~ 이유는 이스트에 소금이 닿으면 이스트가 죽어버려요~ 이제 물을 섞으시면서 손반죽으로 30분 정도 해주세요~', '3. 반죽이~ 아기피부처럼 매끈매끈 해지면 랩을 씌운 뒤 이쑤시개로 구멍을 5개 정도 뚫어준 뒤 발효해주세요~', '4. 따뜻한 물에 말린 표고를 넣고 불려주세요~말린 표고가 없다면 생표고나 양송이를 이용해주셔도 좋아요~ 불린 표고는 밑둥은 제거하고 얇게 잘라주세요~ 그 다음 물기를 쫙 뺀 다음에 간장1T 와 참기름1t를 넣어서 조물조물 밑간을 해주세요~', '5. 빠방하게 1차 발효 끝~ 한번 가스를 뺀 뒤 얇게 밀어서 올리브유를 뿌리고 버섯을 골고루 올려주세요~다시 랩을 씌우고 30분~1시간 정도 2차 발효 해주세요~', '6. 2차 발효를 마친 포카치아 반죽을 200도로 예열한 오븐에 25~30분 노릇 구워주세요~', '7. 30분후면 이렇게 노릇노릇 맛있게 구워진 버섯포카치아 완성♥']"
매콤 매콤한~ 빨간어묵♥,"오뚜기 옛날 사골곰탕 국물 500ml,물 200ml,어묵 5~10장,대파 1대,고춧가루 3T,고추장 2T,설탕 1.5T,다진 마늘 1t","['1. 대파는 송송 썰어주세요.', '2. 어묵은 꼬치에 접어 끼워 준비해주세요', '3. 깊은 냄비에 오뚜기 옛날사골곰탕국물과 물을 붓고, 분량의 고춧가루, 설탕, 고추장, 다진 마늘을 넣어주세요.', '4. 국물이 끓어오를 때까지 센 불에 끓여주세요.', '5. 국물이 끓어오르면 준비된 어묵꼬치를 넣어주세요.', '6. 약 5분간 더 끓이고, 마지막에 대파를 넣어 완성합니다.']"
홍함크림소스♥,"밥 2공기,양파 1개,버섯 1줌,베이컨 6줄,우유 400ml,소금 적당량,후추 적당량,버터 2큰술,다진마늘 1큰술","['1. 먼저 재료를 다듬고 다져서 준비해 주세요~ 베이컨은 작은 크기로 잘라주시면 된답니다.', '2. 달구어진 팬에 버터 반큰수저를 넣고 양파를 먼저 볶기 시작합니다. 양파가 갈색갈색한 정도로 볶이게 되면 다진마늘 1큰수저를 넣고 같이 볶아줍니다.', '3. 볶아지고 있는 양파와 마늘위에 베이컨을 넣고 같이 볶아주다가 버섯을 넣고 살짝만 더 볶아주세요~ 우유 400ml를 넣어 보글보글 끓으면 (우유의 양은 적당히 가감해 주시면 되는데요~ 소스가 많은 리조토를 원하신다면 우유양을 늘리시고 그 반대시라면 우유의 양을 조금 줄이면 된답니다.)', '4. 다시 버터 반큰수저를 더 넣고 밥을 넣어 끓여주세요~ (불려놓은 쌀을 볶아서 사용하셔도 되지만 밥으로 만드시는게 시간은 단축되지요 다만 너무 퍼지지 않게 주의하셔야 해요~ )', '5. 후추 톡톡 뿌려주고 소금으로 간을 해 준뒤 한번 휘리릭 끓으면 끝!! 쉽고 간단하죠?', '6. 간단하지만 맛있고 비쥬얼 좋은 맛있는 홈메이드 크림 소스 리조또가 완성되었어요~ 파슬리 솔솔 뿌려주니 더 맛있어 보이지 않나요?']"
카놀라유로 만든 파니니,"강력분 500g ,몰트 1g ,인스턴트 드라이이스트 8g ,카놀라유 라이트 60CC,미지근한 물 330cc,소금 6g ,설탕 10g ","['1. 저는 제빵기로 반죽 했어요. 제빵기통에 물과 카놀라유를 섞어 주세요.', '2. 가루는 체에 치고 설탕과 몰트, 이스트, 소금은 서로 닿지 않게 넣고 반죽해 주세요. 몰트는 없으면 생략 하셔도 되요.', '3. 20분정도 반죽해서 볼에 담아 랩을 씌우고 구명을 몇개 뚫어서 미지근한 물을 담은 큰볼에 반죽이 담긴볼을 담아 큰 비닐을 씌워 1차발효 1시간 해주세요.', '4. 2차 발효가 끝나면 가스를 빼고 반죽을 100~120그램씩 분할하여 둥글려준후 비닐을 덮어 10분정도 휴지시켜 주세요. 반죽이 꽤 질어서 2차발효후엔 사진을 찍을수 없었어요. 대신 덧가루를 조금씩 발라가며 만져 주시면 되요.', '5. 휴지가 끝난 반죽은 길게 밀어 돌돌말아 끝을 잘 꼬집어 긴 가래떡모양으로 성형해 줍니다.', '6. 팬에 간격을 충분히 두고 반죽을 팬닝후 표면에 카놀라유를 발라 비닐이나 젖은면보를 씌워 2배로 부풀때까지 2차발효 약 40분정도 해주세요.', '7. 2차 발효가 끝난 모습이예요. 제법 많이 부풀어서 굽기도 전에 벌써 반죽이 붙어 버린것도 있어요. 간격을 충분히 뒀다고 생각했는데 반죽의 양이 많아서 그런가봐요. 성형할때 너무 큰게 싫으시면 80그램씩 분할하셔도 좋을것 같아요.', '8. 190도로 예열한 오븐에 20~25분가량 구워 줍니다. 막 구워져나온 파니니예요. 길쭉하니 색도 참 이쁘게 나왔죠?', '9. 구수하고 담백한 풍미가 정말 끝내줘요. 올리브유로 만든 파니니 저리가라 입니다. 포근한 속살도 좀 보세요. 반죽이 꽤 질지만 이렇게 굽고나면 속살이 너무너무 폭신하니 부드럽답니다. 카놀라유는 특유의 향이 없기 때문에 굽고나서 빵의 풍미가 좋지 않음 어쩔까 싶었는데 왠걸요. 카놀라유로 구운 파니니도 아주 구수한 빵냄새가 나요. 속살도 폭신폭신 아주 부드럽구요. 그릴에 구워 발사믹과 올리브유를 찍어 먹어도 좋구요. 샌드위치를 만들면 아주 제격이죠. 부드럽고 구수한 파니니로 샌드위치를 만들어 보세요.']"
세가지맛 파니니 모듬 샌드위치,"파니니 5개,불고기 양념한것 500g ,닭가슴살 3쪽,양상추 10장 (또는 로메인),토마토 중간것 2개,양파 중간것 1개,치즈 5장,달걀 3개,슬라이스햄 10장,피클다진것,머스터드소스,마요네즈,버터,올리브유,시즈닝솔트","['1. 닭가슴살은 적당한 크기로 잘라 시즈닝솔트나 허브솔트등을 뿌리고 청주도 약간 뿌려 재워 놓습니다. 양파는 링모양으로 잘라 찬물에 담궈 매운맛을 제거해 줍니다. 닭가슴살을 먼저 노릇하게 굽고, 센불에 불고기도 물기없게 볶아서 준비 합니다. 계란도 후라이하고 슬라이스햄도 살짝 굽고 피클도 다져서 준비 합니다. 양상추는 크게 찢어 물기를 빼고 토마토도 슬라이스한후 키친타월에 올려놓고 물기를 없애 줍니다.', '2. 빨을 반으로 갈라 재료를 올릴빵 표면에 버터를 발라 주세요. 그위에 양상추나 로메인을 올리고 슬라이스햄 올리고 토마토 올리고 취향껏 기본적으로 올린건 다 올리구요. 요기에 메인이 될 재료를 올리면 되요.', '3. 불고기 샌드위치는 불고기, 치킨 샌드위치는 닭가슴살, 에그 샌드위치는 달걀 후라이 그리고는 취향에 맞게 마요네즈, 머스타드, 피클다진것등을 추가로 넣어 주시면 되죠.']"
오도독 - 시나몬비스코티,"버터 40g,설탕 70g,달걀 1개,바닐라오일 3방울,박력분 100g,유기농 호밀가루 50g,계피가루 1ts,베이킹파우더 1/2ts,호박씨 1움큼 ","['1. 실온에 둔 말랑한 버터를 거품기로 가볍게 풀어주고 설탕을 넣고 골고루 저어줍니다.', '2. 멍울 푼 달걀을 분리되지 않도록 3~4번 나누어 넣고 ,', '3. 체에 친 가루류를 넣고 80%정도 섞어주다가 호박씨를 넣고 가루가 보이지 않을때까지 섞어줍니다 . 굳이 호박씨가 아니라도 상관없어요', '4. 데프론시트나 유산지를 깐 팬위에 반죽을 붓고 , 주걱을 이용해 넙적하게 모양을 잡아주세요', '5. 160도로 예열된 오븐에 25~30분간 익혀주신다음 식힘망에 옮겨 충분히 식혀줍니다 .', '6. 완전히 식힌 반죽은 1.5cm 정도로 잘라주고, 다시 팬위에 올려준뒤 160도 오븐에 앞뒤로 10분씩 구워주세요 .^^']"
 너무 맛있어 ㅡ 버터케이크 ,"등갈비 1kg,된장 1T,통마늘 5개,간장 8T,설탕 4T,물엿 4T,매실액 2T,맛술 4T,다진마늘 2T,참기름 1T,물 700ml,깨 약간","['1. 쪽갈비는 찬물에 1시간정도 담궈서 핏물을 빼주세요', '2. 양념재료를 넣고 섞어서 양념장을 만들어주세요', '3. 핏물을 제거한 쪽갈비에 물, 된장을 넣고 데쳐주세요', '4. 데친 쪽갈비를 찬물에 헹궈주세요', '5. 삶은 쪽갈비와 통마늘, 양념장을 넣고 조려주세요', '6. 40-50분뒤면 맛있는 쪽갈비 완성 !  위에 깨를 약간 뿌려서 맛있게 드시면 되요 ^ ^']"
홈메이드 리코타치즈 만들기,"우유 1000ml,생크림 500ml,레몬즙 6큰술 (1개분),소금 1/2~1스푼","['1. 먼저 큰 팬에 우유와 생크림, 소금을 넣고 잘 섞어서 약한 불에서 가장자리에 보글보글 기포가 올라올때까지 끓여 주세요. 생크림의 비율을 좀더 높이시면 더 리치한 치즈를 만들수 있다고 하네요.', '2. 우유와 생크림이 끓으면 레몬즙을 넣고 나무주걱이나 실리콘주걱으로 잘 섞이도록 한번 휙 저어 주고 그 다음부턴 절대로 젓지 마시고 그대로 약한불에서 끓여 주세요. 레몬즙을 넣으면 금새 몽글몽글해 져요. 그대로 약불에서 35분~1시간 사이로 끓여 줍니다.', '3. 그럼 이렇게 유청이 분리 되면서 몽글몽글 치즈가 만들어 지는거죠.', '4. 촘촘한 면보자기를 체에 올리고 치즈를 부어 1시간 정도 그냥 두세요.', '5. 그리고 한덩어리로 뭉친후 잘 묶어준후 위에 무거운것을 올려서 유청이 빠지도록 놔두세요. 한 덩어리로 뭉친후 냉장보관 하라는데 저는 그냥 베란다에 3시간 정도 두었어요.', '6. 면보를 걷어내면 홈메이드 리코타치즈 완성. 유청을 얼마만큼 빼느냐에 따라서 치즈의 질감이 달라져요. 단단하게 만들고 싶을수록 유청을 많이 빼주시면 되요. 저는 크림치즈로 만들고 싶어서 3시간 정도 두었답니다. 단단하게 만들어서 잘게 잘라 허브와 각종 향신료를 섞은 올리브오일에 담궈두면 훼타치즈가 되는거고, 보관이 더 길어 진다고 하네요.', '7. 부드러운 소프트 치즈가 되었어요. 빵에 발라 먹어도 좋고, 각종 베이킹에도 유용하게 사용 될것 같아요. 카나페를 만들때도 좋겠구요. 정말 완전 고소하고 진한 풍미의 아주 후레쉬한 치즈예요. 크래커에 꿀과 함께 발라 먹어도 아주 맛있다고 하네요.']"
부드럽고 상큼한 레몬 생크림 케이크,"계란 3개,밀가루박력분 40g,설탕 60g,바닐라 익스트렉 1~2방울,가당 휘핑크림 150ml ","['1. 계란 3개는 노른자, 흰자를 따로 분리해서 놓는다.', '2. 흰자를 머랭치면서 설탕 60g을 2~3번씩 나눠서 넣어준다.', '3. 휘핑기계를 멈추고 들어 올렸을때 뿔이 생기면 완성. 머랭이 너무 묽거나 (덜돌려서) 너무 딱딱하게 (많이 돌려서) 되지 않도록 주의한다.', '4. 따로 담아놓았던 계란 노른자를 넣는다. 3개 한꺼번에 넣지 말고 한개씩 순서를 두면서 넣어준다. 이단계에서 바닐라 익스트렉 1~2방울 넣어준다. 없으면 안넣어도 무방, 바닐라 설탕 등으로 대체 가능하다. 노른자가 잘 섞여서 연노란빛이 돌때까지 휘핑해준다.', '5. 박력분 40g 을 두번정도 나누어 넣으면서 주걱으로 반죽해준다. 이때 반죽은 밑바닥을 끌어올려 덮는 느낌으로 날가루들이 안보일때까지 한다.', '6. 팬에 유산지를 깔고 반죽을 부어준다.', '7. 반죽을 용기에 평평하게 부어준다음에 180도로 예열된 오븐에서 10~15분 사이로 구워준다. 윗 부분이 일반적인 롤 케익 색상처럼 갈색으로 보이면 완벽하게 구어진 상태이다.', '8. 반죽이 오븐에서 구워질동안 휩크림을 만들어준다. 휘핑크림은 뿔이 생길때까지 섞어준다.', '9. 구워진 시트를 조심스럽게 꺼내서 유산지를 벗겨주고 식힌다. 갈색부분이 뒤로가게 놓는다. 여기서 바닥에 유산지를 깔아놓는다. (롤케이크 말때 필요)', '10. 시트가 식으면 아까 만들어 놓은 생크림을 얹는다. 여기서 주의할점은 케이크를 말면서 양 끝에 바른 크림이 가운데로 몰리기때문에 가운데 부분은 덜 바르고 양 옆 끝 부분은 살짝 더 바른다.', '11. 조심조심 말아준다. 돌돌 말은 케이크는 냉장고에 한시간정도 굳혀준다.', '12. 크림 듬뿍 롤 케이크 완성.']"
쫀득하고 달콤한 ~ 더블 초콜릿 케이크 *^^* ,"떡볶이 떡 300g,간장 1/2T,고추장 1T,올리고당 3T,다진 마늘 1/2T,케찹 3T,물 1T,다진 땅콩 1T","['1. 떡볶이 떡은 꼬치에 5개씩 꽂는다.', '2. 팬에 기름을 두르고 양념 재료를 넣어 볶아 완성한다..', '3. 팬에 기름을 넉넉히 두른 후 떡을 튀긴다.', '4. 튀긴 떡꼬치에 양념을 발라 완성한다.']"
깔끔해요 통밀쿠키,"버터 150g,박력분또는중력분또는밀가루 200g,설탕 100g,계란 1개","['1. 실온버터를 볼에 넣어줍니다', '2. 버터를 부쉽니다(?)', '3. 설탕을 넣습니다', '4. 서걱서걱 소리가 줄어들때까지 섞어주세요', '5. 서걱서걱소리가 줄어들면 계란을 넣습니다', '6. 섞어주세요', '7. 다 섞어주었으면 박력분또는중력분또는밀가루를 넣어줍니다(박력분이면 더 좋겠죠?)', '8. 섞어주세요', '9. 이렇게 묵직한 반죽이(?)됩니다', '10. 짤쭈머니에 담아주세요(짤쭈머니 없으신분들은 유튜브 보고 만들어보시거나 사시면 좋으실것 같네요)', '11. 이럴게 이쁘게 짜쭈세요', '12. 너무 이쁘죠?근데 반죽이 뻑뻑해서 짜기 힘드실거에요', '13. 버터쿠키 반죽을 180도로 예열한 오븐에 넣어 12분간 구워주세요', '14. 완성이 되었어요']"
입안에서 샤르르 녹는 향긋한 시나몬 큐브,"박력분 100g ,버터 70g ,바닐라오일 1~2방울,아몬드파우더 20g ,소금 1/4ts,슈가파우더 30g ,베이킹파우더 1/4ts,시나몬파우더 1/2ts,장식용 슈가파우더 1컵","['1. 먼저 체친 박력분과 베이킹 파우더, 소금, 슈가파우더를 큰볼에 넣고 찬 버터조각을 넣어 주세요.', '2. 스크레퍼나 포크등으로 소보루형태로 만들어 주시다가 중간쯤 시나몬파우더와 아몬드가루를 넣어 줍니다. 시나몬가루를 취향에 맞게 조금 더 넣으셔도 되요. 너무 많이 넣으시지는 말구요. 소보루형태가 될때즘 바닐라오일을 넣고 마무리 해주세요.', '3. 소로부형태를 한덩어리로 뭉쳐서 비닐팩에 넣고 두깨가 1.5~2센티 정도로 될때까지 밀대로 밀어서 냉장고에 3시간정도 보관해 줍니다. 휴지가 끝난 반죽은 비닐을 벗기고 큐브모양으로 잘라서 준비해 주세요.', '4. 팬에 적당한 간격을 두고 팬닝후 170도로 예열한 오븐에 넣고 18~20분 사이로 구워 주세요. 많이 부풀진 않으니까 간격을 너무 멀리 두고 팬닝하실 필요 없어요. 다 구워지면 식힘망이나 바구니 같은데 두고 좀 식혀 주세요.', '5. 거의 다 식어서 약간의 따뜻함이 남았을때 준비해둔 슈가파우더를 볼에 넣고 슈가 파우더를 듬뿍 묻혀 주세요.', '6. 맛있는 시나몬큐브 완성 입니다. 첫맛은 슈가파우더의 달콤함이 샤르르 입안에서 소프트하게 부서지는 식감. 향긋한 시나몬향이 입안 가득 퍼지면서 고소하고 달콤하고 시나몬향이 화악 퍼지는게 정말 너무 맛있어요. 선물용으로도 티푸드로도 강추입니다.']"
초코 바나나머핀,"무염버터 100g,설탕 80g,달걀(L) 1개,바나나 100g (껍질 제외),바닐라익스트랙 1/2tsp,박력분 130g,아몬드가루 20g,베이킹파우더 5g,우유 60g,초코칩 60g","['1. 바나나는 포크로 최대한 곱게 으깨주세요.', '2. 볼에 버터를 넣고 부드럽게 풀어주세요.', '3. 설탕을 넣고 충분히 섞어주세요.', '4. 푼 달걀을 조금씩 넣어가며 잘 섞어주세요.', '5. 으깬 바나나와 바닐라익스트랙을 넣고 잘 섞어주세요.', '6. 박력분과 베이킹파우더, 아몬드가루, 우유를 넣고 가루가 약간 보일 정도만 섞어주세요.', '7. 초코칩을 넣고 골고루 섞어주세요.', '8. 반죽을 머핀 컵에 80%씩 담아주세요.', '9. 170℃로 예열한 오븐에 25분 정도 구워주세요.']"
사워크림을 듬뿍 넣은 애호박 사워크림 케이크.,"올리브유 약간,파스타면 1인분,베이컨 작은 거 4장,체다치즈 2장,소금 약간,후추 약간,흰우유 180ml,양송이버섯 2개,다진 마늘 1스푼,버터 1숟갈,채 썬 양파 적당량","['1. 크림파스타를 만들기 위해 필요한 재료들을 알려드릴게요.', '2. 먼저 베이컨을 먹기 좋은 크기로 잘라주세요. 양송이버섯도 씻어서 잘라주세요.', '3. 오늘 크림파스타는 1인분만 만들 거라 100원 동전 크기 정도의 크림파스타를 만들게요. 보기엔 양이 적어 보여도 면을 익히고 크림소스가 추가되면 양이 딱 좋을 것 같아요.', '4. 끓는 물에 소금을 약간 넣어서 팔팔 끓여주세요.', '5. 파스타 건면을 골고루 펼쳐 넣어주세요.', '6. 젓가락으로 면을 끓는 물 안으로 넣어서 5분 정도 익혀주세요. 처음에 끓는 물에 어느정도 면을 익혀주면  나중에 크림소스랑 볶아주실 때 시간을 단축할 수 있어요!', '7. 끓는 물에서 5분 정도 익힌 파스타면을 채반에 옮겨주세요. ★이때!!!★ 찬물에 헹구시지 마시고 그냥 이대로 파스타면을 식혀주세요.', '8. 이제 크림파스타 소스를 만들 거예요! 달궈진 프라이팬에 올리브유를 적당히 넣고 다진 마늘을 넣고 볶아주세요.', '9. 다진 마늘이 어느 정도 볶아졌으면 버터를 넣어주세요. 그리고 버터가 다 녹았으면 양송이버섯을 넣고 볶아주세요.', '10. 양송이버섯이 어느 정도 노릇하게 익었으면 채썬 양파와 베이컨을 넣어주세용', '11. 채썬 양파와 베이컨이 잘 익을 때까지 볶아볶아줍니당!', '12. 그리고 흰우유 180ml를 넣고 보글보글 끓여주세요!', '13. 체다 치즈 2장을 넣어 크림파스타 소스를 진하게 만들어줍니다. 더욱 진한 크림파스타를 드시고 싶으시면 체다 치즈를 더 넣으셔도 좋아요!', '14. 체다 치즈가 잘 녹을 때까지 보글보글 계속 끓여줍니다. 크림소스를 끓일수록 색깔이 점점 진해져요! 그리고 중간에 크림소스 간을 보셔서 소금으로 간을 맞춰주세요. 저도 크림소스가 밍밍해서 소금을 조금씩 넣어가면서 간을 맞췄어요!', '15. 채반에서 쉬고 있었던 파스타면을 넣어주세요.', '16. 파스타면과 크림소스를 잘 섞어주세요. 걸쭉하게 드시고 싶으시면 오래 끓이시면 되고, 그냥 묽게 드시고 싶으시면 잠깐만 끓이셔서 바로 드시면 돼요! 저는 걸쭉한 크림파스타를 좋아하기 때문에 오래 끓여줄 거예용! 이쯤에서 그릇에 옮겨 담아줄게요.', '17. 완성된 크림파스타 위에 후추를 솔솔 뿌려주면 완성입니당! 양이 딱 적당한 것 같아요!', '18. 꾸덕꾸덕 걸쭉걸쭉하니 딱 제가 원하는 농도로 잘 만들어졌어요! 처음 만들어 본 크림파스타! 맛은 어떨지 한 번 먹어볼게요.', '19. 진짜 거짓말 안하고 밖에서 파는 거랑 맛이 정말 똑같아요!!! 너무 맛있어서 놀랬어요. 집에서 쉽게 만든 크림파스타가 이렇게 맛있다니!!! 이건 대박사건이예요!!!!!!', '20. 크림파스타를 먹다가 냉장고에 있던 피클이 생각나서 함께 먹었어요. 크림파스타 ♥ 피클은 사랑이죠! 너무너무너무 맛있어요 진짜!!! 따봉']"
브라우니,"밀가루 1/4컵 (약18g),설탕 1/4컵 (약18g),코코아파우더 2밥숟가락 (or 제티),식용유 2밥숟가락,우유 1/4컵,슈가파우더 적당량 (선택사항)","['1. 컵에 준비한 밀가루를 넣어주세요 (체를 쳐서 넣으면 더 섞기가 쉬워요^^)', '2. 준비 된 설탕도 넣습니다 (단걸 좋아하신다면 원래 레시피에서 설탕 2~3스푼정도를 추가하셔도 될것 같아요!!)', '3. 코코아파우더나 제티 (핫초코 가루)도 2스푼 넣어주세요  (밀가루와 마찬가지로 체를 치면 더 편하겠죠?)', '4. 이제 식용유를 2스푼 넣습니다 (녹인버터를 사용하셔도 되요!!)', '5. 준비된 우유를 넣고 잘 섞어주세요', '6. 이제 전자레인지에 넣고 1분간 돌린 후, 10초씩 3번 돌려주세요 (총 1분 30초)', '7. 마지막으로 데코용 슈가파우더를 뿌려주시면 완성입니다!! 슈가파우더는 꼭 뿌리지 않으셔도 되요^^', '8. 맛있게 드시면 됩니다♥ 따뜻할때 우유랑 드시면 정말 맛있어요~']"
바삭바삭 초코뮈슬리쿠키~*^^* ,"버터 130g,박력분 200g,설탕 100g,호밀가루 40g,통밀가루 40g,코코아가루 15g,베이킹 파우더 2g,계란 1개,초코뮤슬리 100g,초코칩 70g","['1. 실온에 30분이상 둔 말랑한 버터를 핸드믹서로 가볍게 풀어준 다음, 설탕을 넣고 충분히 저어줍니다.', '2. 멍울 푼 달걀을 3~4번 나누어 넣고 ,', '3. 체에 친 가루류를 넣고 2/3쯤 섞어주세요.', '4. 뮈슬리와 초코칩을 넣고 나머지 가루가 보이지 않을때까지 골고루 섞어주세요*^^*', '5. 20~25g 정도로 떼어내 동그랗게 만들어준다음 , 적당한 간격으로 팬닝합니다.', '6. 그릇을 올려 납작하게 눌러준 후 180도로 예열된 오븐에 12~15분간 구워주심 완성 . ㅎㅎ', '7. 다 구워진 쿠키는 식힘맘에서 충분히 식혀주세요 :D']"
◈ 매콤달콤 닭강정,"닭가슴살 250g,다진마늘 1큰술,소금 1작은술,후추 0.3작은술,강황가루 0.5작은술 (또는 카레가루),청주 2큰술 (또는 소주),감자전분 2큰술,계란 1개,튀김가루 1~2컵,고추장 1큰술,케찹 1큰술,마늘 2알,물 1/3컵,물엿 2큰술,땅콩 2큰술 (또는 호두),슬라이스 아몬드 2큰술,통깨 1작은술","['1. 닭고기를 흐르는 물에 씻고, 한입 크기로 썰고, 밑간 재료에 재워둡니다. (30분 이상)', '2. 감자 전분 2큰술로 버무려 주세요.', '3. 계란1개와 튀김가루 1컵을 섞고, 되기는 거품기를 들었을때 반죽이 뚝~!뚝~! 떨어지는 정도면 좋습니다.', '4. 튀김옷을 잘 버무려줍니다.', '5. 기름에 바삭하게 튀깁니다. 뾰족한 꼬치나 이쑤시개로 중간 중간 찔러주면 안쪽까지 기름이 들어가고, 수분이 빠져나오면서 더 바삭한 튀김이 됩니다.', '6. 채에 받쳐 기름을 빼줍니다. 지금상태로 그냥 먹어도 맛있죠.', '7. 양념소스를 만들꺼예요. *고추장 양념* 고추장 1큰술, 케찹 1 큰술, 마늘 2알(편으로 썰어서 ) , 물 1/3컵, 물엿 2큰술', '8. 물기가 날라갈 정도로 바글바글 조려줍니다.', '9. 볶은 땅콩이 있으면 다져주세요. 저는 없어서.. 호두와 아몬드슬라이스 각각 2큰술 씩 준비해 주세요.', '10. 소스가 조려지면 닭튀김을 빠르게 섞어줍니다. 불은 끕니다.', '11. 견과류들도 넣어주고,', '12. 통깨와 파슬리로 장식하면 됩니다. ^^', '13. 완성. 원래는 350g 한팩을 튀긴건데, 아이들이 오가며 집어먹고, 둘째는 매울까봐 양념 없는 튀김을 몇 조각 남겨두었더니 딱 요 한접시 나오네요.']"
쌀로 만든 피낭시에,"쌀국수 2인분 (볶음용 굵은면),계란 1개,파 1/3종이컵 (채썰어준),마늘 3~4개,숙주 100g,건새우 1T,다진돼지고기 1/2종이컵,새우 4~5개,액젓 1/3소주컵,굴소스 1/3소주컵,물 1소주컵,설탕 1/3소주컵","['1. 파와 마늘은 채썰어서 준비하고, 냉동 새우 사용시 해동해주세요', '2. 양념장 재료를 모두 섞어주세요', '3. 쌀국수는 미리 물에 넣고 불려주세요', '4. 숙주를 깨끗하게 씻어주세요', '5. 팬에 계란을 넣고 스크램블을 만들어주세요', '6. 계란을 빼고 기름을 두르고 마늘, 건새우, 파를 넣고 볶아주세요', '7. 새우와 다진 돼지고기를 넣고 볶아주세요', '8. 불린 쌀국수의 물기를 빼고 양념장과 함께 볶아주세요', '9. 숙주를 넣고 숨이 살짝 죽을때까지 볶아주세요', '10. 아까 만들어둔 스크램블을 섞고 마무리해주세요 위에 땅콩가루도 뿌리면 더 맛있어요']"
